Angle(deg),Range(m),Intensity
46,0,0
45,0,0
44,0,0
43,0,0
42,0,0
41,0,0
40,0,0
39,0,0
38,0,0
37,0.127,2600
36,0.13,2200
35,0,0
34,0,0
33,0,0
32,0,0
31,0.158,4600
30,0.162,3600
29,0,0
28,3.867,300
27,3.872,300
26,3.834,500
25,3.847,500
24,3.785,500
23,3.843,300
22,3.751,600
21,3.654,500
20,3.698,600
19,3.645,500
18,3.674,400
17,3.612,500
16,3.652,500
15,3.601,600
14,3.618,400
13,3.584,500
12,3.576,500
11,3.582,500
10,0,0
9,0,0
8,0,0
7,3.58,500
6,3.55,600
5,3.562,200
4,3.517,500
3,3.56,600
2,3.52,500
0.999998,3.524,500
0,3.541,500
-1,3.502,400
-2,3.563,500
-3,3.564,500
-4,3.587,500
-5,3.594,500
-6,3.569,500
-7,3.569,500
-8,3.588,400
-9,3.589,400
-10,3.613,400
-11,3.637,400
-12,3.664,400
-13,3.671,400
-14,3.701,400
-15,3.709,400
-16,3.756,400
-17,3.78,400
-18,3.788,400
-19,0,0
-20,0,0
-21,0,0
-22,0,0
-23,0,0
-24,0,0
-25,0,0
-26,0,0
-27,0,0
-28,0,0
-29,0,0
-30,0,0
-31,0,0
-32,0,0
-33,0,0
-34,0,0
-35,0,0
-36,0,0
-37,0,0
-38,0,0
-39,0,0
-40,0,0
-41,0,0
-42,0,0
-43,0,0
-44,0,0
-45,0,0
-46,0,0
-47,0,0
-48,0,0
-49,0,0
-50,0,0
-51,0,0
-52,0,0
-53,0,0
-54,0,0
-55,0,0
-56,0,0
-57,0,0
-58,0,0
-59,0,0
-60,0,0
-61,0,0
-62,0,0
-63,0,0
-64,0,0
-65,0,0
-66,0,0
-67,0,0
-68,0,0
-69,0,0
-70,0,0
-71,0,0
-72,0,0
-73,0,0
46,0,0
45,0,0
44,0,0
43,0,0
42,0,0
41,0,0
40,0,0
39,0,0
38,0.128,2600
37,0.128,2500
36,0.131,2300
35,0,0
34,0,0
33,0,0
32,0,0
31,0.158,4600
30,0.162,3200
29,0,0
28,3.862,300
27,3.88,300
26,3.837,500
25,3.848,500
24,3.793,500
23,3.838,300
22,3.752,600
21,3.651,500
20,3.735,500
19,3.688,400
18,3.685,400
17,3.67,400
16,3.641,500
15,3.624,500
14,3.619,400
13,3.577,500
12,3.578,500
11,3.539,400
10,0,0
9,0,0
8,0,0
7,3.538,600
6,3.54,600
5,3.571,200
4,3.511,500
3,3.55,600
2,3.494,500
0.999998,3.523,500
0,3.534,500
-1,3.503,400
-2,3.548,500
-3,3.565,500
-4,3.584,500
-5,3.595,500
-6,3.568,500
-7,3.573,500
-8,3.588,400
-9,3.59,400
-10,3.615,400
-11,3.675,500
-12,3.656,400
-13,3.652,400
-14,3.704,400
-15,3.714,400
-16,3.755,400
-17,3.784,400
-18,3.792,400
-19,0,0
-20,0,0
-21,0,0
-22,0,0
-23,0,0
-24,0,0
-25,0,0
-26,0,0
-27,0,0
-28,0,0
-29,0,0
-30,0,0
-31,0,0
-32,0,0
-33,0,0
-34,0,0
-35,0,0
-36,0,0
-37,0,0
-38,0,0
-39,0,0
-40,0,0
-41,0,0
-42,0,0
-43,0,0
-44,0,0
-45,0,0
-46,0,0
-47,0,0
-48,0,0
-49,0,0
-50,0,0
-51,0,0
-52,0,0
-53,0,0
-54,0,0
-55,0,0
-56,0,0
-57,0,0
-58,0,0
-59,0,0
-60,0,0
-61,0,0
-62,0,0
-63,0,0
-64,0,0
-65,0,0
-66,0,0
-67,0,0
-68,0,0
-69,0,0
-70,0,0
-71,0,0
-72,0,0
-73,0,0
46,0,0
45,0,0
44,0,0
43,0,0
42,0,0
41,0,0
40,0,0
39,0,0
38,0.129,2500
37,0.129,2500
36,0.132,2600
35,0,0
34,0,0
33,0,0
32,0,0
31,0.159,4300
30,0.163,3000
29,0,0
28,3.862,300
27,3.935,400
26,3.834,500
25,3.857,500
24,3.787,500
23,3.838,300
22,3.742,600
21,3.658,500
20,3.739,500
19,3.693,400
18,3.676,400
17,3.665,400
16,3.643,500
15,3.634,500
14,3.611,400
13,3.577,500
12,3.574,500
11,3.549,400
10,0,0
9,0,0
8,0,0
7,3.576,500
6,3.542,600
5,3.564,200
4,3.511,500
3,3.547,600
2,3.497,500
0.999998,3.521,500
0,3.537,500
-1,3.505,400
-2,3.552,500
-3,3.564,500
-4,3.59,500
-5,3.593,500
-6,3.569,500
-7,3.571,500
-8,3.588,400
-9,3.588,400
-10,3.605,400
-11,3.638,400
-12,3.667,400
-13,3.659,400
-14,3.708,400
-15,3.716,400
-16,3.76,400
-17,3.778,400
-18,3.795,400
-19,0,0
-20,0,0
-21,0,0
-22,0,0
-23,0,0
-24,0,0
-25,0,0
-26,0,0
-27,0,0
-28,0,0
-29,0,0
-30,0,0
-31,0,0
-32,0,0
-33,0,0
-34,0,0
-35,0,0
-36,0,0
-37,0,0
-38,0,0
-39,0,0
-40,0,0
-41,0,0
-42,0,0
-43,0,0
-44,0,0
-45,0,0
-46,0,0
-47,0,0
-48,0,0
-49,0,0
-50,0,0
-51,0,0
-52,0,0
-53,0,0
-54,0,0
-55,0,0
-56,0,0
-57,0,0
-58,0,0
-59,0,0
-60,0,0
-61,0,0
-62,0,0
-63,0,0
-64,0,0
-65,0,0
-66,0,0
-67,0,0
-68,0,0
-69,0,0
-70,0,0
-71,0,0
-72,0,0
-73,0,0
46,0,0
45,0,0
44,0,0
43,0,0
42,0,0
41,0,0
40,0,0
39,0,0
38,0.13,2700
37,0.13,2500
36,0,0
35,0,0
34,0,0
33,0,0
32,0,0
31,0.16,4200
30,0.165,2500
29,0,0
28,3.869,300
27,3.867,300
26,3.839,500
25,3.841,500
24,3.746,600
23,3.93,200
22,3.75,600
21,3.7,600
20,3.697,600
19,3.64,500
18,3.673,400
17,3.672,400
16,3.646,500
15,3.625,500
14,3.625,400
13,3.577,500
12,3.573,500
11,3.544,400
10,0,0
9,0,0
8,0,0
7,3.539,600
6,3.552,600
5,3.565,200
4,3.536,600
3,3.559,600
2,3.508,500
0.999998,3.529,500
0,3.542,500
-1,3.506,400
-2,3.553,500
-3,3.565,500
-4,3.585,500
-5,3.592,500
-6,3.579,500
-7,3.574,500
-8,3.582,400
-9,3.588,400
-10,3.611,400
-11,3.673,500
-12,3.657,400
-13,3.652,400
-14,3.711,400
-15,3.716,400
-16,3.761,400
-17,3.786,400
-18,3.87,300
-19,0,0
-20,0,0
-21,0,0
-22,0,0
-23,0,0
-24,0,0
-25,0,0
-26,0,0
-27,0,0
-28,0,0
-29,0,0
-30,0,0
-31,0,0
-32,0,0
-33,0,0
-34,0,0
-35,0,0
-36,0,0
-37,0,0
-38,0,0
-39,0,0
-40,0,0
-41,0,0
-42,0,0
-43,0,0
-44,0,0
-45,0,0
-46,0,0
-47,0,0
-48,0,0
-49,0,0
-50,0,0
-51,0,0
-52,0,0
-53,0,0
-54,0,0
-55,0,0
-56,0,0
-57,0,0
-58,0,0
-59,0,0
-60,0,0
-61,0,0
-62,0,0
-63,0,0
-64,0,0
-65,0,0
-66,0,0
-67,0,0
-68,0,0
-69,0,0
-70,0,0
-71,0,0
-72,0,0
-73,0,0
46,0,0
45,0,0
44,0,0
43,0,0
42,0,0
41,0,0
40,0,0
39,0,0
38,0.131,2600
37,0.131,2400
36,0,0
35,0.141,1900
34,0,0
33,0,0
32,0,0
31,0.161,3800
30,0.167,2100
29,0,0
28,3.865,300
27,3.877,300
26,3.85,500
25,3.856,500
24,3.809,500
23,3.823,300
22,3.758,600
21,3.705,600
20,3.713,600
19,3.66,400
18,3.666,400
17,3.679,400
16,3.64,500
15,3.609,500
14,3.624,400
13,3.578,500
12,3.577,500
11,3.544,400
10,0,0
9,0,0
8,0,0
7,3.53,600
6,3.542,600
5,3.56,200
4,3.501,500
3,3.558,600
2,3.516,500
0.999998,3.536,500
0,3.537,500
-1,3.494,400
-2,3.551,500
-3,3.58,500
-4,3.584,500
-5,3.586,500
-6,3.596,500
-7,3.597,500
-8,3.607,500
-9,3.616,400
-10,3.621,400
-11,3.629,400
-12,3.677,400
-13,3.68,400
-14,3.717,400
-15,3.736,400
-16,3.771,400
-17,3.783,400
-18,3.882,300
-19,0,0
-20,0,0
-21,0,0
-22,0,0
-23,0,0
-24,0,0
-25,0,0
-26,0,0
-27,0,0
-28,0,0
-29,0,0
-30,0,0
-31,0,0
-32,0,0
-33,0,0
-34,0,0
-35,0,0
-36,0,0
-37,0,0
-38,0,0
-39,0,0
-40,0,0
-41,0,0
-42,0,0
-43,0,0
-44,0,0
-45,0,0
-46,0,0
-47,0,0
-48,0,0
-49,0,0
-50,0,0
-51,0,0
-52,0,0
-53,0,0
-54,0,0
-55,0,0
-56,0,0
-57,0,0
-58,0,0
-59,0,0
-60,0,0
-61,0,0
-62,0,0
-63,0,0
-64,0,0
-65,0,0
-66,0,0
-67,0,0
-68,0,0
-69,0,0
-70,0,0
-71,0,0
-72,0,0
-73,0,0
46,0,0
45,0,0
44,0,0
43,0,0
42,0,0
41,0,0
40,0,0
39,0,0
38,0.132,2600
37,0.133,2500
36,0,0
35,0,0
34,0,0
33,0,0
32,0,0
31,0.162,3600
30,0.168,1400
29,0,0
28,3.936,400
27,3.806,400
26,3.848,500
25,3.836,500
24,3.759,600
23,3.927,200
22,3.767,600
21,3.65,500
20,3.712,600
19,3.686,400
18,3.682,400
17,3.681,400
16,3.637,500
15,3.618,500
14,3.612,400
13,3.589,500
12,3.577,500
11,3.541,400
10,0,0
9,0,0
8,0,0
7,3.538,600
6,3.54,600
5,3.569,200
4,3.518,500
3,3.562,600
2,3.517,500
0.999998,3.534,500
0,3.532,500
-1,3.497,400
-2,3.571,500
-3,3.562,500
-4,3.591,500
-5,3.597,500
-6,3.576,500
-7,3.575,500
-8,3.615,500
-9,3.628,500
-10,3.604,400
-11,3.614,400
-12,3.662,400
-13,3.695,400
-14,3.707,400
-15,3.73,400
-16,3.745,400
-17,3.791,400
-18,3.87,300
-19,0,0
-20,0,0
-21,0,0
-22,0,0
-23,0,0
-24,0,0
-25,0,0
-26,0,0
-27,0,0
-28,0,0
-29,0,0
-30,0,0
-31,0,0
-32,0,0
-33,0,0
-34,0,0
-35,0,0
-36,0,0
-37,0,0
-38,0,0
-39,0,0
-40,0,0
-41,0,0
-42,0,0
-43,0,0
-44,0,0
-45,0,0
-46,0,0
-47,0,0
-48,0,0
-49,0,0
-50,0,0
-51,0,0
-52,0,0
-53,0,0
-54,0,0
-55,0,0
-56,0,0
-57,0,0
-58,0,0
-59,0,0
-60,0,0
-61,0,0
-62,0,0
-63,0,0
-64,0,0
-65,0,0
-66,0,0
-67,0,0
-68,0,0
-69,0,0
-70,0,0
-71,0,0
-72,0,0
-73,0,0
46,0,0
45,0,0
44,0,0
43,0,0
42,0,0
41,0,0
40,0,0
39,0,0
38,0.132,2500
37,0,0
36,0,0
35,0.143,2000
34,0,0
33,0,0
32,0,0
31,0.162,3600
30,0.168,1300
29,3.959,200
28,3.862,300
27,3.802,400
26,3.847,500
25,3.847,500
24,3.758,600
23,3.921,200
22,3.8,700
21,3.658,500
20,3.707,400
19,3.644,500
18,3.689,400
17,3.682,400
16,3.609,600
15,3.612,500
14,3.618,400
13,3.576,500
12,3.541,400
11,3.583,500
10,0,0
9,0,0
8,0,0
7,3.531,600
6,3.545,600
5,3.567,200
4,3.514,500
3,3.544,600
2,3.529,500
0.999998,3.563,600
0,3.529,500
-1,3.497,400
-2,3.563,500
-3,3.556,500
-4,3.593,500
-5,3.599,500
-6,3.573,500
-7,3.573,500
-8,3.607,500
-9,3.597,400
-10,3.606,400
-11,3.612,400
-12,3.676,400
-13,3.675,400
-14,3.712,400
-15,3.721,400
-16,3.758,400
-17,3.788,400
-18,3.874,300
-19,0,0
-20,0,0
-21,0,0
-22,0,0
-23,0,0
-24,0,0
-25,0,0
-26,0,0
-27,0,0
-28,0,0
-29,0,0
-30,0,0
-31,0,0
-32,0,0
-33,0,0
-34,0,0
-35,0,0
-36,0,0
-37,0,0
-38,0,0
-39,0,0
-40,0,0
-41,0,0
-42,0,0
-43,0,0
-44,0,0
-45,0,0
-46,0,0
-47,0,0
-48,0,0
-49,0,0
-50,0,0
-51,0,0
-52,0,0
-53,0,0
-54,0,0
-55,0,0
-56,0,0
-57,0,0
-58,0,0
-59,0,0
-60,0,0
-61,0,0
-62,0,0
-63,0,0
-64,0,0
-65,0,0
-66,0,0
-67,0,0
-68,0,0
-69,0,0
-70,0,0
-71,0,0
-72,0,0
-73,0,0
46,0,0
45,0,0
44,0,0
43,0,0
42,0,0
41,0,0
40,0,0
39,0,0
38,0.132,2600
37,0.133,2400
36,0,0
35,0,0
34,0,0
33,0,0
32,0.164,4300
31,0.162,3700
30,0.168,1400
29,0,0
28,3.868,300
27,3.799,400
26,3.852,500
25,3.85,500
24,3.758,600
23,3.927,200
22,3.778,600
21,3.646,500
20,3.703,400
19,3.638,500
18,3.683,400
17,3.677,400
16,3.599,600
15,3.61,500
14,3.618,400
13,3.571,500
12,3.579,500
11,3.534,400
10,0,0
9,0,0
8,0,0
7,3.49,500
6,3.543,600
5,3.568,200
4,3.513,500
3,3.547,600
2,3.525,500
0.999998,3.568,600
0,3.531,500
-1,3.496,400
-2,3.563,500
-3,3.551,500
-4,3.584,500
-5,3.597,500
-6,3.573,500
-7,3.574,500
-8,3.571,400
-9,3.64,500
-10,3.592,400
-11,3.607,400
-12,3.666,400
-13,3.671,400
-14,3.704,400
-15,3.729,400
-16,3.751,400
-17,3.796,400
-18,3.874,300
-19,0,0
-20,0,0
-21,0,0
-22,0,0
-23,0,0
-24,0,0
-25,0,0
-26,0,0
-27,0,0
-28,0,0
-29,0,0
-30,0,0
-31,0,0
-32,0,0
-33,0,0
-34,0,0
-35,0,0
-36,0,0
-37,0,0
-38,0,0
-39,0,0
-40,0,0
-41,0,0
-42,0,0
-43,0,0
-44,0,0
-45,0,0
-46,0,0
-47,0,0
-48,0,0
-49,0,0
-50,0,0
-51,0,0
-52,0,0
-53,0,0
-54,0,0
-55,0,0
-56,0,0
-57,0,0
-58,0,0
-59,0,0
-60,0,0
-61,0,0
-62,0,0
-63,0,0
-64,0,0
-65,0,0
-66,0,0
-67,0,0
-68,0,0
-69,0,0
-70,0,0
-71,0,0
-72,0,0
-73,0,0
46,0,0
45,0,0
44,0,0
43,0,0
42,0,0
41,0,0
40,0,0
39,0,0
38,0.131,2500
37,0.132,2400
36,0,0
35,0.142,2000
34,0,0
33,0,0
32,0,0
31,0.161,3700
30,0.167,1900
29,0,0
28,3.858,300
27,3.797,400
26,3.824,500
25,3.853,500
24,3.756,600
23,3.923,200
22,3.807,500
21,3.661,500
20,3.712,400
19,3.625,500
18,3.675,400
17,3.686,400
16,3.608,600
15,3.614,500
14,3.622,400
13,3.568,500
12,3.572,500
11,3.535,400
10,0,0
9,0,0
8,0,0
7,3.491,500
6,3.538,600
5,3.566,200
4,3.537,600
3,3.551,600
2,3.523,500
0.999998,3.538,500
0,3.54,500
-1,3.495,400
-2,3.561,500
-3,3.563,500
-4,3.598,500
-5,3.594,500
-6,3.568,500
-7,3.578,500
-8,3.615,500
-9,3.638,500
-10,3.606,400
-11,3.613,400
-12,3.681,400
-13,3.673,400
-14,3.681,400
-15,3.717,400
-16,3.759,400
-17,3.791,400
-18,3.874,300
-19,0,0
-20,0,0
-21,0,0
-22,0,0
-23,0,0
-24,0,0
-25,0,0
-26,0,0
-27,0,0
-28,0,0
-29,0,0
-30,0,0
-31,0,0
-32,0,0
-33,0,0
-34,0,0
-35,0,0
-36,0,0
-37,0,0
-38,0,0
-39,0,0
-40,0,0
-41,0,0
-42,0,0
-43,0,0
-44,0,0
-45,0,0
-46,0,0
-47,0,0
-48,0,0
-49,0,0
-50,0,0
-51,0,0
-52,0,0
-53,0,0
-54,0,0
-55,0,0
-56,0,0
-57,0,0
-58,0,0
-59,0,0
-60,0,0
-61,0,0
-62,0,0
-63,0,0
-64,0,0
-65,0,0
-66,0,0
-67,0,0
-68,0,0
-69,0,0
-70,0,0
-71,0,0
-72,0,0
-73,0,0
46,0,0
45,0,0
44,0,0
43,0,0
42,0,0
41,0,0
40,0,0
39,0,0
38,0.131,2500
37,0,0
36,0,0
35,0.142,1800
34,0,0
33,0,0
32,0,0
31,0.161,3800
30,0.167,1900
29,0,0
28,3.934,400
27,3.927,400
26,3.823,500
25,3.846,500
24,3.759,600
23,3.84,300
22,3.769,600
21,3.651,500
20,3.712,400
19,3.634,500
18,3.676,400
17,3.676,400
16,3.638,500
15,3.618,500
14,3.617,400
13,3.575,500
12,3.572,500
11,3.532,400
10,0,0
9,0,0
8,0,0
7,3.538,600
6,3.535,600
5,3.566,200
4,3.513,500
3,3.552,600
2,3.521,500
0.999998,3.562,600
0,3.529,500
-1,3.493,400
-2,3.568,500
-3,3.567,500
-4,3.595,500
-5,3.594,500
-6,3.569,500
-7,3.578,500
-8,3.572,400
-9,3.596,400
-10,3.609,400
-11,3.613,400
-12,3.672,400
-13,3.667,400
-14,3.693,400
-15,3.722,400
-16,3.764,400
-17,3.791,400
-18,3.867,300
-19,0,0
-20,0,0
-21,0,0
-22,0,0
-23,0,0
-24,0,0
-25,0,0
-26,0,0
-27,0,0
-28,0,0
-29,0,0
-30,0,0
-31,0,0
-32,0,0
-33,0,0
-34,0,0
-35,0,0
-36,0,0
-37,0,0
-38,0,0
-39,0,0
-40,0,0
-41,0,0
-42,0,0
-43,0,0
-44,0,0
-45,0,0
-46,0,0
-47,0,0
-48,0,0
-49,0,0
-50,0,0
-51,0,0
-52,0,0
-53,0,0
-54,0,0
-55,0,0
-56,0,0
-57,0,0
-58,0,0
-59,0,0
-60,0,0
-61,0,0
-62,0,0
-63,0,0
-64,0,0
-65,0,0
-66,0,0
-67,0,0
-68,0,0
-69,0,0
-70,0,0
-71,0,0
-72,0,0
-73,0,0
46,0,0
45,0,0
44,0,0
43,0,0
42,0,0
41,0,0
40,0,0
39,0.132,2800
38,0.132,2500
37,0,0
36,0.137,2500
35,0.143,1700
34,0,0
33,0,0
32,0.164,4000
31,0.162,3300
30,0,0
29,3.96,400
28,3.858,300
27,3.872,300
26,3.828,500
25,3.844,500
24,3.793,500
23,3.848,300
22,3.771,600
21,3.657,500
20,3.704,400
19,3.633,500
18,3.684,400
17,3.676,400
16,3.638,500
15,3.618,500
14,3.62,400
13,3.577,500
12,3.565,500
11,3.54,400
10,0,0
9,0,0
8,0,0
7,3.535,600
6,3.539,600
5,3.565,200
4,3.509,500
3,3.557,600
2,3.511,500
0.999998,3.534,500
0,3.532,500
-1,3.497,400
-2,3.56,500
-3,3.562,500
-4,3.588,500
-5,3.595,500
-6,3.57,500
-7,3.573,500
-8,3.576,400
-9,3.596,400
-10,3.612,400
-11,3.616,400
-12,3.676,400
-13,3.664,400
-14,3.704,400
-15,3.725,400
-16,3.756,400
-17,3.785,400
-18,3.87,300
-19,0,0
-20,0,0
-21,0,0
-22,0,0
-23,0,0
-24,0,0
-25,0,0
-26,0,0
-27,0,0
-28,0,0
-29,0,0
-30,0,0
-31,0,0
-32,0,0
-33,0,0
-34,0,0
-35,0,0
-36,0,0
-37,0,0
-38,0,0
-39,0,0
-40,0,0
-41,0,0
-42,0,0
-43,0,0
-44,0,0
-45,0,0
-46,0,0
-47,0,0
-48,0,0
-49,0,0
-50,0,0
-51,0,0
-52,0,0
-53,0,0
-54,0,0
-55,0,0
-56,0,0
-57,0,0
-58,0,0
-59,0,0
-60,0,0
-61,0,0
-62,0,0
-63,0,0
-64,0,0
-65,0,0
-66,0,0
-67,0,0
-68,0,0
-69,0,0
-70,0,0
-71,0,0
-72,0,0
-73,0,0
46,0,0
45,0,0
44,0,0
43,0,0
42,0,0
41,0,0
40,0,0
39,0.135,2600
38,0.137,2600
37,0.139,2400
36,0.144,2300
35,0,0
34,0,0
33,0.169,3900
32,0.167,3100
31,0,0
30,0,0
29,3.962,400
28,3.857,300
27,3.928,400
26,3.827,500
25,3.849,500
24,3.756,600
23,3.921,200
22,3.8,500
21,3.654,500
20,3.679,500
19,3.634,500
18,3.679,400
17,3.69,400
16,3.604,600
15,3.623,500
14,3.628,400
13,3.58,500
12,3.535,400
11,3.535,400
10,0,0
9,0,0
8,0,0
7,3.498,500
6,3.535,600
5,3.563,200
4,3.515,500
3,3.56,600
2,3.51,500
0.999998,3.538,500
0,3.529,500
-1,3.503,400
-2,3.562,500
-3,3.566,500
-4,3.589,500
-5,3.593,500
-6,3.572,500
-7,3.582,500
-8,3.58,400
-9,3.649,500
-10,3.602,400
-11,3.615,400
-12,3.682,400
-13,3.671,400
-14,3.684,400
-15,3.719,400
-16,3.766,400
-17,3.792,400
-18,3.867,300
-19,0,0
-20,0,0
-21,0,0
-22,0,0
-23,0,0
-24,0,0
-25,0,0
-26,0,0
-27,0,0
-28,0,0
-29,0,0
-30,0,0
-31,0,0
-32,0,0
-33,0,0
-34,0,0
-35,0,0
-36,0,0
-37,0,0
-38,0,0
-39,0,0
-40,0,0
-41,0,0
-42,0,0
-43,0,0
-44,0,0
-45,0,0
-46,0,0
-47,0,0
-48,0,0
-49,0,0
-50,0,0
-51,0,0
-52,0,0
-53,0,0
-54,0,0
-55,0,0
-56,0,0
-57,0,0
-58,0,0
-59,0,0
-60,0,0
-61,0,0
-62,0,0
-63,0,0
-64,0,0
-65,0,0
-66,0,0
-67,0,0
-68,0,0
-69,0,0
-70,0,0
-71,0,0
-72,0,0
-73,0,0
46,0,0
45,0,0
44,0,0
43,0,0
42,0,0
41,0,0
40,0,0
39,0,0
38,0,0
37,0.174,3400
36,0.176,2800
35,0,0
34,4.156,400
33,4.053,300
32,4.054,300
31,4.056,300
30,3.938,200
29,3.966,400
28,3.862,300
27,3.807,400
26,3.831,500
25,3.852,500
24,3.759,600
23,3.834,300
22,3.785,600
21,3.691,600
20,3.676,500
19,3.68,400
18,3.675,400
17,3.682,400
16,3.639,500
15,3.613,500
14,3.616,400
13,3.578,500
12,3.565,500
11,3.532,400
10,0,0
9,0,0
8,0,0
7,3.5,500
6,3.531,600
5,3.569,200
4,3.513,500
3,3.552,600
2,3.52,500
0.999998,3.54,500
0,3.54,500
-1,3.493,400
-2,3.562,500
-3,3.56,500
-4,3.588,500
-5,3.59,500
-6,3.577,500
-7,3.579,500
-8,3.606,500
-9,3.645,500
-10,3.608,400
-11,3.615,400
-12,3.687,400
-13,3.697,400
-14,3.692,400
-15,3.721,400
-16,3.764,400
-17,3.788,400
-18,3.874,300
-19,0,0
-20,0,0
-21,0,0
-22,0,0
-23,0,0
-24,0,0
-25,0,0
-26,0,0
-27,0,0
-28,0,0
-29,0,0
-30,0,0
-31,0,0
-32,0,0
-33,0,0
-34,0,0
-35,0,0
-36,0,0
-37,0,0
-38,0,0
-39,0,0
-40,0,0
-41,0,0
-42,0,0
-43,0,0
-44,0,0
-45,0,0
-46,0,0
-47,0,0
-48,0,0
-49,0,0
-50,0,0
-51,0,0
-52,0,0
-53,0,0
-54,0,0
-55,0,0
-56,0,0
-57,0,0
-58,0,0
-59,0,0
-60,0,0
-61,0,0
-62,0,0
-63,0,0
-64,0,0
-65,0,0
-66,0,0
-67,0,0
-68,0,0
-69,0,0
-70,0,0
-71,0,0
-72,0,0
-73,0,0
46,0,0
45,0,0
44,0,0
43,0,0
42,0,0
41,0,0
40,0,0
39,0,0
38,0,0
37,0,0
36,0,0
35,4.086,300
34,4.065,300
33,4.069,300
32,4.052,300
31,4.055,300
30,4.028,300
29,3.966,400
28,3.923,400
27,3.847,500
26,3.856,500
25,3.846,500
24,3.745,600
23,3.928,200
22,3.808,500
21,3.672,500
20,3.731,500
19,3.63,500
18,3.673,400
17,3.681,400
16,3.648,500
15,3.602,500
14,3.584,500
13,3.569,500
12,3.529,400
11,3.539,400
10,0,0
9,0,0
8,0,0
7,3.536,600
6,3.526,600
5,3.563,200
4,3.511,500
3,3.545,600
2,3.522,500
0.999998,3.532,500
0,3.542,500
-1,3.513,400
-2,3.554,500
-3,3.564,500
-4,3.572,500
-5,3.594,500
-6,3.588,500
-7,3.597,500
-8,3.57,400
-9,3.629,500
-10,3.705,300
-11,3.624,400
-12,3.686,400
-13,3.752,500
-14,3.701,400
-15,3.721,400
-16,3.788,400
-17,3.771,400
-18,3.909,300
-19,0,0
-20,0,0
-21,0,0
-22,0,0
-23,0,0
-24,0,0
-25,0,0
-26,0,0
-27,0,0
-28,0,0
-29,0,0
-30,0,0
-31,0,0
-32,0,0
-33,0,0
-34,0,0
-35,0,0
-36,0,0
-37,0,0
-38,0,0
-39,0,0
-40,0,0
-41,0,0
-42,0,0
-43,0,0
-44,0,0
-45,0,0
-46,0,0
-47,0,0
-48,0,0
-49,0,0
-50,0,0
-51,0,0
-52,0,0
-53,0,0
-54,0,0
-55,0,0
-56,0,0
-57,0,0
-58,0,0
-59,0,0
-60,0,0
-61,0,0
-62,0,0
-63,0,0
-64,0,0
-65,0,0
-66,0,0
-67,0,0
-68,0,0
-69,0,0
-70,0,0
-71,0,0
-72,0,0
-73,0,0
46,0,0
45,0,0
44,0,0
43,0,0
42,0,0
41,0,0
40,0,0
39,0,0
38,0,0
37,0,0
36,0,0
35,4.07,300
34,4.061,300
33,4.053,300
32,4.057,300
31,4.056,300
30,3.953,200
29,4.023,300
28,3.867,300
27,3.865,500
26,3.841,500
25,3.84,500
24,3.757,600
23,3.922,200
22,3.782,600
21,3.702,600
20,3.708,400
19,3.623,500
18,3.686,400
17,3.679,400
16,3.602,600
15,3.607,500
14,3.616,400
13,3.57,500
12,3.569,500
11,3.535,400
10,0,0
9,0,0
8,0,0
7,3.497,500
6,3.531,600
5,3.568,200
4,3.511,500
3,3.55,600
2,3.528,500
0.999998,3.543,500
0,3.534,500
-1,3.498,400
-2,3.558,500
-3,3.567,500
-4,3.584,500
-5,3.588,500
-6,3.577,500
-7,3.586,500
-8,3.558,400
-9,3.644,500
-10,3.603,400
-11,3.612,400
-12,3.72,500
-13,3.753,500
-14,3.701,400
-15,3.716,400
-16,3.767,400
-17,3.777,400
-18,3.882,300
-19,0,0
-20,0,0
-21,0,0
-22,0,0
-23,0,0
-24,0,0
-25,0,0
-26,0,0
-27,0,0
-28,0,0
-29,0,0
-30,0,0
-31,0,0
-32,0,0
-33,0,0
-34,0,0
-35,0,0
-36,0,0
-37,0,0
-38,0,0
-39,0,0
-40,0,0
-41,0,0
-42,0,0
-43,0,0
-44,0,0
-45,0,0
-46,0,0
-47,0,0
-48,0,0
-49,0,0
-50,0,0
-51,0,0
-52,0,0
-53,0,0
-54,0,0
-55,0,0
-56,0,0
-57,0,0
-58,0,0
-59,0,0
-60,0,0
-61,0,0
-62,0,0
-63,0,0
-64,0,0
-65,0,0
-66,0,0
-67,0,0
-68,0,0
-69,0,0
-70,0,0
-71,0,0
-72,0,0
-73,0,0
46,0,0
45,0,0
44,0,0
43,0,0
42,0,0
41,0,0
40,0,0
39,0,0
38,0,0
37,0,0
36,0,0
35,4.091,300
34,4.061,300
33,4.047,300
32,4.052,300
31,4.051,300
30,4.026,300
29,3.96,400
28,3.862,300
27,3.933,400
26,3.84,500
25,3.84,500
24,3.756,600
23,3.925,200
22,3.772,600
21,3.665,500
20,3.708,400
19,3.637,500
18,3.685,400
17,3.692,400
16,3.605,600
15,3.609,500
14,3.617,400
13,3.577,500
12,3.535,400
11,3.535,400
10,0,0
9,0,0
8,0,0
7,3.493,500
6,3.54,600
5,3.569,200
4,3.515,500
3,3.551,600
2,3.524,500
0.999998,3.567,600
0,3.54,500
-1,3.498,400
-2,3.57,500
-3,3.559,500
-4,3.581,500
-5,3.59,500
-6,3.538,400
-7,3.59,500
-8,3.565,400
-9,3.644,500
-10,3.61,400
-11,3.653,500
-12,3.721,500
-13,3.701,400
-14,3.699,400
-15,3.717,400
-16,3.755,400
-17,3.78,400
-18,3.874,300
-19,0,0
-20,0,0
-21,0,0
-22,0,0
-23,0,0
-24,0,0
-25,0,0
-26,0,0
-27,0,0
-28,0,0
-29,0,0
-30,0,0
-31,0,0
-32,0,0
-33,0,0
-34,0,0
-35,0,0
-36,0,0
-37,0,0
-38,0,0
-39,0,0
-40,0,0
-41,0,0
-42,0,0
-43,0,0
-44,0,0
-45,0,0
-46,0,0
-47,0,0
-48,0,0
-49,0,0
-50,0,0
-51,0,0
-52,0,0
-53,0,0
-54,0,0
-55,0,0
-56,0,0
-57,0,0
-58,0,0
-59,0,0
-60,0,0
-61,0,0
-62,0,0
-63,0,0
-64,0,0
-65,0,0
-66,0,0
-67,0,0
-68,0,0
-69,0,0
-70,0,0
-71,0,0
-72,0,0
-73,0,0
46,0,0
45,0,0
44,0,0
43,0,0
42,0,0
41,0,0
40,0,0
39,0,0
38,0,0
37,0,0
36,0,0
35,4.086,300
34,4.061,300
33,4.058,300
32,4.043,300
31,4.047,300
30,3.949,200
29,4.024,300
28,3.853,300
27,3.934,400
26,3.841,500
25,3.846,500
24,3.761,600
23,3.923,200
22,3.788,600
21,3.659,500
20,3.707,400
19,3.63,500
18,3.677,400
17,3.684,400
16,3.638,500
15,3.612,500
14,3.626,400
13,3.569,500
12,3.537,400
11,3.575,500
10,0,0
9,0,0
8,0,0
7,3.499,500
6,3.536,600
5,3.568,200
4,3.531,600
3,3.55,600
2,3.525,500
0.999998,3.566,600
0,3.54,500
-1,3.5,400
-2,3.567,500
-3,3.558,500
-4,3.583,500
-5,3.585,500
-6,3.58,500
-7,3.586,500
-8,3.565,400
-9,3.643,500
-10,3.597,400
-11,3.609,400
-12,3.714,500
-13,3.703,400
-14,3.703,400
-15,3.725,400
-16,3.768,400
-17,3.775,400
-18,3.878,300
-19,0,0
-20,0,0
-21,0,0
-22,0,0
-23,0,0
-24,0,0
-25,0,0
-26,0,0
-27,0,0
-28,0,0
-29,0,0
-30,0,0
-31,0,0
-32,0,0
-33,0,0
-34,0,0
-35,0,0
-36,0,0
-37,0,0
-38,0,0
-39,0,0
-40,0,0
-41,0,0
-42,0,0
-43,0,0
-44,0,0
-45,0,0
-46,0,0
-47,0,0
-48,0,0
-49,0,0
-50,0,0
-51,0,0
-52,0,0
-53,0,0
-54,0,0
-55,0,0
-56,0,0
-57,0,0
-58,0,0
-59,0,0
-60,0,0
-61,0,0
-62,0,0
-63,0,0
-64,0,0
-65,0,0
-66,0,0
-67,0,0
-68,0,0
-69,0,0
-70,0,0
-71,0,0
-72,0,0
-73,0,0
46,0,0
45,0,0
44,0,0
43,0,0
42,0,0
41,0,0
40,0,0
39,0,0
38,0,0
37,0,0
36,0,0
35,4.086,300
34,4.061,300
33,3.971,200
32,4.046,300
31,4.056,300
30,3.952,200
29,3.962,400
28,3.944,200
27,3.933,400
26,3.842,500
25,3.849,500
24,3.758,600
23,3.925,200
22,3.77,600
21,3.654,500
20,3.709,400
19,3.682,400
18,3.679,400
17,3.68,400
16,3.643,500
15,3.607,500
14,3.622,400
13,3.572,500
12,3.539,400
11,3.531,400
10,0,0
9,0,0
8,0,0
7,3.496,500
6,3.535,600
5,3.566,200
4,3.534,600
3,3.552,600
2,3.525,500
0.999998,3.564,600
0,3.538,500
-1,3.502,400
-2,3.569,500
-3,3.558,500
-4,3.584,500
-5,3.586,500
-6,3.537,400
-7,3.591,500
-8,3.608,500
-9,3.642,500
-10,3.605,400
-11,3.607,400
-12,3.681,400
-13,3.7,400
-14,3.702,400
-15,3.725,400
-16,3.758,400
-17,3.783,400
-18,3.874,300
-19,0,0
-20,0,0
-21,0,0
-22,0,0
-23,0,0
-24,0,0
-25,0,0
-26,0,0
-27,0,0
-28,0,0
-29,0,0
-30,0,0
-31,0,0
-32,0,0
-33,0,0
-34,0,0
-35,0,0
-36,0,0
-37,0,0
-38,0,0
-39,0,0
-40,0,0
-41,0,0
-42,0,0
-43,0,0
-44,0,0
-45,0,0
-46,0,0
-47,0,0
-48,0,0
-49,0,0
-50,0,0
-51,0,0
-52,0,0
-53,0,0
-54,0,0
-55,0,0
-56,0,0
-57,0,0
-58,0,0
-59,0,0
-60,0,0
-61,0,0
-62,0,0
-63,0,0
-64,0,0
-65,0,0
-66,0,0
-67,0,0
-68,0,0
-69,0,0
-70,0,0
-71,0,0
-72,0,0
-73,0,0
46,0,0
45,0,0
44,0,0
43,0,0
42,0,0
41,0,0
40,0,0
39,0,0
38,0,0
37,0,0
36,0,0
35,4.076,300
34,4.161,400
33,4.047,300
32,4.058,300
31,4.056,300
30,3.945,200
29,3.962,400
28,3.866,300
27,3.876,500
26,3.834,500
25,3.84,500
24,3.75,600
23,3.924,200
22,3.779,600
21,3.666,500
20,3.71,400
19,3.682,400
18,3.679,400
17,3.691,400
16,3.64,500
15,3.611,500
14,3.624,400
13,3.584,500
12,3.539,400
11,3.535,400
10,0,0
9,0,0
8,0,0
7,3.496,500
6,3.535,600
5,3.566,200
4,3.53,600
3,3.549,600
2,3.528,500
0.999998,3.567,600
0,3.533,500
-1,3.501,400
-2,3.564,500
-3,3.562,500
-4,3.587,500
-5,3.597,500
-6,3.539,400
-7,3.587,500
-8,3.567,400
-9,3.642,500
-10,3.603,400
-11,3.613,400
-12,3.684,400
-13,3.696,400
-14,3.7,400
-15,3.72,400
-16,3.758,400
-17,3.781,400
-18,3.87,300
-19,0,0
-20,0,0
-21,0,0
-22,0,0
-23,0,0
-24,0,0
-25,0,0
-26,0,0
-27,0,0
-28,0,0
-29,0,0
-30,0,0
-31,0,0
-32,0,0
-33,0,0
-34,0,0
-35,0,0
-36,0,0
-37,0,0
-38,0,0
-39,0,0
-40,0,0
-41,0,0
-42,0,0
-43,0,0
-44,0,0
-45,0,0
-46,0,0
-47,0,0
-48,0,0
-49,0,0
-50,0,0
-51,0,0
-52,0,0
-53,0,0
-54,0,0
-55,0,0
-56,0,0
-57,0,0
-58,0,0
-59,0,0
-60,0,0
-61,0,0
-62,0,0
-63,0,0
-64,0,0
-65,0,0
-66,0,0
-67,0,0
-68,0,0
-69,0,0
-70,0,0
-71,0,0
-72,0,0
-73,0,0
46,0,0
45,0,0
44,0,0
43,0,0
42,0,0
41,0,0
40,0,0
39,0,0
38,0,0
37,0,0
36,0,0
35,4.081,300
34,4.055,300
33,4.058,300
32,4.046,300
31,4.056,300
30,3.949,200
29,3.962,400
28,3.865,300
27,3.93,400
26,3.837,500
25,3.845,500
24,3.786,500
23,3.837,300
22,3.809,500
21,3.661,500
20,3.747,500
19,3.633,500
18,3.675,400
17,3.684,400
16,3.6,600
15,3.606,500
14,3.622,400
13,3.568,500
12,3.54,400
11,3.533,400
10,0,0
9,0,0
8,0,0
7,3.499,500
6,3.54,600
5,3.569,200
4,3.537,600
3,3.555,600
2,3.524,500
0.999998,3.566,600
0,3.54,500
-1,3.497,400
-2,3.566,500
-3,3.555,500
-4,3.584,500
-5,3.587,500
-6,3.577,500
-7,3.587,500
-8,3.571,400
-9,3.634,500
-10,3.606,400
-11,3.612,400
-12,3.684,400
-13,3.695,400
-14,3.693,400
-15,3.725,400
-16,3.76,400
-17,3.78,400
-18,3.874,300
-19,0,0
-20,0,0
-21,0,0
-22,0,0
-23,0,0
-24,0,0
-25,0,0
-26,0,0
-27,0,0
-28,0,0
-29,0,0
-30,0,0
-31,0,0
-32,0,0
-33,0,0
-34,0,0
-35,0,0
-36,0,0
-37,0,0
-38,0,0
-39,0,0
-40,0,0
-41,0,0
-42,0,0
-43,0,0
-44,0,0
-45,0,0
-46,0,0
-47,0,0
-48,0,0
-49,0,0
-50,0,0
-51,0,0
-52,0,0
-53,0,0
-54,0,0
-55,0,0
-56,0,0
-57,0,0
-58,0,0
-59,0,0
-60,0,0
-61,0,0
-62,0,0
-63,0,0
-64,0,0
-65,0,0
-66,0,0
-67,0,0
-68,0,0
-69,0,0
-70,0,0
-71,0,0
-72,0,0
-73,0,0
46,0,0
45,0,0
44,0,0
43,0,0
42,0,0
41,0,0
40,0,0
39,0,0
38,0,0
37,0,0
36,0,0
35,4.175,400
34,4.054,300
33,4.064,300
32,4.057,300
31,4.051,300
30,4.022,300
29,4.024,300
28,3.94,200
27,3.929,400
26,3.843,500
25,3.847,500
24,3.759,600
23,3.923,200
22,3.781,600
21,3.659,500
20,3.74,500
19,3.689,400
18,3.692,400
17,3.687,400
16,3.594,600
15,3.608,500
14,3.618,400
13,3.578,500
12,3.54,400
11,3.535,400
10,0,0
9,0,0
8,0,0
7,3.492,500
6,3.537,600
5,3.571,200
4,3.514,500
3,3.553,600
2,3.522,500
0.999998,3.569,600
0,3.533,500
-1,3.503,400
-2,3.57,500
-3,3.555,500
-4,3.565,500
-5,3.598,500
-6,3.58,500
-7,3.585,500
-8,3.564,400
-9,3.632,500
-10,3.601,400
-11,3.608,400
-12,3.72,500
-13,3.694,400
-14,3.697,400
-15,3.721,400
-16,3.758,400
-17,3.786,400
-18,3.878,300
-19,0,0
-20,0,0
-21,0,0
-22,0,0
-23,0,0
-24,0,0
-25,0,0
-26,0,0
-27,0,0
-28,0,0
-29,0,0
-30,0,0
-31,0,0
-32,0,0
-33,0,0
-34,0,0
-35,0,0
-36,0,0
-37,0,0
-38,0,0
-39,0,0
-40,0,0
-41,0,0
-42,0,0
-43,0,0
-44,0,0
-45,0,0
-46,0,0
-47,0,0
-48,0,0
-49,0,0
-50,0,0
-51,0,0
-52,0,0
-53,0,0
-54,0,0
-55,0,0
-56,0,0
-57,0,0
-58,0,0
-59,0,0
-60,0,0
-61,0,0
-62,0,0
-63,0,0
-64,0,0
-65,0,0
-66,0,0
-67,0,0
-68,0,0
-69,0,0
-70,0,0
-71,0,0
-72,0,0
-73,0,0
46,0,0
45,0,0
44,0,0
43,0,0
42,0,0
41,0,0
40,0,0
39,0,0
38,0,0
37,0,0
36,0,0
35,0,0
34,0,0
33,0,0
32,0,0
31,0,0
30,0,0
29,3.954,200
28,0,0
27,3.954,200
26,3.838,300
25,3.853,300
24,3.753,400
23,3.842,300
22,3.753,400
21,0,0
20,3.792,300
19,0,0
18,0,0
17,0,0
16,3.55,200
15,3.594,300
14,0,0
13,3.505,200
12,0,0
11,3.529,200
10,0,0
9,0,0
8,0,0
7,0,0
6,3.537,400
5,3.564,400
4,3.51,500
3,3.527,500
2,3.522,500
0.999998,3.553,500
0,3.538,500
-1,3.506,400
-2,3.568,500
-3,3.566,500
-4,3.592,500
-5,3.607,500
-6,3.554,400
-7,3.607,500
-8,3.576,400
-9,3.65,500
-10,3.607,200
-11,3.614,400
-12,3.684,400
-13,3.694,400
-14,3.713,400
-15,3.731,400
-16,3.758,400
-17,3.787,400
-18,3.883,300
-19,0,0
-20,0,0
-21,0,0
-22,0,0
-23,0,0
-24,0,0
-25,0,0
-26,0,0
-27,0,0
-28,0,0
-29,0,0
-30,0,0
-31,0,0
-32,0,0
-33,0,0
-34,0,0
-35,0,0
-36,0,0
-37,0,0
-38,0,0
-39,0,0
-40,0,0
-41,0,0
-42,0,0
-43,0,0
-44,0,0
-45,0,0
-46,0,0
-47,0,0
-48,0,0
-49,0,0
-50,0,0
-51,0,0
-52,0,0
-53,0,0
-54,0,0
-55,0,0
-56,0,0
-57,0,0
-58,0,0
-59,0,0
-60,0,0
-61,0,0
-62,0,0
-63,0,0
-64,0,0
-65,0,0
-66,0,0
-67,0,0
-68,0,0
-69,0,0
-70,0,0
-71,0,0
-72,0,0
-73,0,0
46,0,0
45,0,0
44,0,0
43,0,0
42,0,0
41,0,0
40,0,0
39,0,0
38,0.173,6700
37,0.169,7000
36,0.167,7000
35,0.167,6700
34,0.163,6400
33,0.163,5800
32,0.158,6100
31,0.153,6600
30,0.153,6800
29,0.149,7200
28,0.156,7500
27,0.145,8000
26,0.143,8800
25,0.143,9200
24,0.142,9700
23,0.143,10000
22,0.144,10200
21,0.142,10100
20,0.143,10100
19,0.144,9400
18,0.144,9000
17,0.144,9300
16,0.141,9300
15,0.145,9500
14,0.149,9400
13,0.147,9400
12,0.148,9400
11,0.151,9100
10,0.147,9200
9,0.15,9200
8,0.148,9600
7,0.149,10400
6,0.152,10800
5,0.154,11100
4,0.153,11300
3,0.153,11600
2,0.154,11600
0.999998,0.155,11700
0,0.155,11800
-1,0.155,11600
-2,0.154,12000
-3,0.155,11500
-4,0.155,10400
-5,0.154,9500
-6,0.154,9200
-7,0.152,9200
-8,0.149,8800
-9,0.149,8700
-10,0.151,8200
-11,0.15,7800
-12,0.151,7600
-13,0.15,7400
-14,0.148,7500
-15,0.147,7500
-16,0.147,7600
-17,0.144,7600
-18,0.147,7800
-19,0.146,7900
-20,0.144,7700
-21,0.145,7700
-22,0.141,7600
-23,0.141,7000
-24,0.14,6000
-25,0.141,5600
-26,0,0
-27,0,0
-28,0,0
-29,0,0
-30,0,0
-31,0,0
-32,0,0
-33,0,0
-34,0,0
-35,0,0
-36,0,0
-37,0,0
-38,0,0
-39,0,0
-40,0,0
-41,0,0
-42,0,0
-43,0,0
-44,0,0
-45,0,0
-46,0,0
-47,0,0
-48,0,0
-49,0,0
-50,0,0
-51,0,0
-52,0,0
-53,0,0
-54,0,0
-55,0,0
-56,0,0
-57,0,0
-58,0,0
-59,0,0
-60,0,0
-61,0,0
-62,0,0
-63,0,0
-64,0,0
-65,0,0
-66,0,0
-67,0,0
-68,0,0
-69,0,0
-70,0,0
-71,0,0
-72,0,0
-73,0,0
46,0,0
45,0,0
44,0,0
43,0,0
42,0,0
41,0,0
40,0,0
39,0,0
38,0,0
37,0,0
36,0,0
35,0,0
34,0,0
33,0,0
32,0,0
31,0,0
30,0,0
29,0,0
28,0,0
27,0,0
26,0,0
25,0,0
24,0.173,3800
23,0.166,5100
22,0,0
21,0.159,7500
20,0.159,7800
19,0.158,7600
18,0.156,7700
17,0.156,8200
16,0.152,9100
15,0.155,9500
14,0.158,9200
13,0.156,9000
12,0.157,8400
11,0.161,7600
10,0.162,7600
9,0.168,8400
8,0.167,9100
7,0.169,9600
6,0.175,9800
5,0.18,10600
4,0.182,11200
3,0.183,12100
2,0.183,12600
0.999998,0.184,12400
0,0.185,12000
-1,0.186,11100
-2,0.184,10000
-3,0.187,9800
-4,0.184,5200
-5,0.185,6300
-6,0.188,6700
-7,0,0
-8,0,0
-9,0,0
-10,0,0
-11,0,0
-12,0,0
-13,0,0
-14,0,0
-15,0,0
-16,0,0
-17,0,0
-18,0,0
-19,0,0
-20,0.168,3100
-21,0,0
-22,0,0
-23,0,0
-24,0,0
-25,0,0
-26,0,0
-27,0,0
-28,0,0
-29,0,0
-30,0,0
-31,0,0
-32,0,0
-33,0,0
-34,0,0
-35,0,0
-36,0,0
-37,0,0
-38,0,0
-39,0,0
-40,0,0
-41,0,0
-42,0,0
-43,0,0
-44,0,0
-45,0,0
-46,0,0
-47,0,0
-48,0,0
-49,0,0
-50,0,0
-51,0,0
-52,0,0
-53,0,0
-54,0,0
-55,0,0
-56,0,0
-57,0,0
-58,0,0
-59,0,0
-60,0,0
-61,0,0
-62,0,0
-63,0,0
-64,0,0
-65,0,0
-66,0,0
-67,0,0
-68,0,0
-69,0,0
-70,0,0
-71,0,0
-72,0,0
-73,0,0
46,0,0
45,0,0
44,0,0
43,0,0
42,0.237,1900
41,0.239,1700
40,0.242,1200
39,0,0
38,0,0
37,0,0
36,0,0
35,0,0
34,0,0
33,0,0
32,0,0
31,0,0
30,0,0
29,0,0
28,0,0
27,0,0
26,0,0
25,0,0
24,0,0
23,0,0
22,0,0
21,0,0
20,0,0
19,0,0
18,0,0
17,0,0
16,0.178,6300
15,0.179,7500
14,0.182,7900
13,0.18,8000
12,0.181,8200
11,0.183,7900
10,0.18,7500
9,0.184,7700
8,0.186,8200
7,0.19,8900
6,0.195,9200
5,0.202,8300
4,0.206,7900
3,0.209,8600
2,0.213,9200
0.999998,0.213,9400
0,0.214,9000
-1,0.215,8800
-2,0.215,8300
-3,0.215,8100
-4,0.214,7800
-5,0.212,7700
-6,0.212,7600
-7,0.211,7300
-8,0.209,7000
-9,0.208,6900
-10,0.208,6800
-11,0.206,6700
-12,0.207,6600
-13,0.205,6600
-14,0.204,6600
-15,0.202,6700
-16,0.202,7000
-17,0.2,7200
-18,0.203,6500
-19,0.204,3200
-20,0,0
-21,0,0
-22,0,0
-23,0,0
-24,0,0
-25,0,0
-26,0,0
-27,0,0
-28,0,0
-29,0,0
-30,0,0
-31,0,0
-32,0,0
-33,0,0
-34,0,0
-35,0,0
-36,0,0
-37,0,0
-38,0,0
-39,0,0
-40,0,0
-41,0,0
-42,0,0
-43,0,0
-44,0,0
-45,0,0
-46,0,0
-47,0,0
-48,0,0
-49,0,0
-50,0,0
-51,0,0
-52,0,0
-53,0,0
-54,0,0
-55,0,0
-56,0,0
-57,0,0
-58,0,0
-59,0,0
-60,0,0
-61,0,0
-62,0,0
-63,0,0
-64,0,0
-65,0,0
-66,0,0
-67,0,0
-68,0,0
-69,0,0
-70,0,0
-71,0,0
-72,0,0
-73,0,0
46,0,0
45,0,0
44,0,0
43,0.244,1800
42,0.244,1600
41,0.244,2000
40,0.242,2100
39,0.246,2100
38,0.248,1800
37,0.248,1000
36,0,0
35,0,0
34,0,0
33,0,0
32,0,0
31,0,0
30,0,0
29,0,0
28,0,0
27,0,0
26,0,0
25,0,0
24,0,0
23,0,0
22,0,0
21,0,0
20,0,0
19,0,0
18,0,0
17,0,0
16,0,0
15,0.198,6800
14,0.2,7300
13,0.198,7300
12,0.198,7700
11,0.201,7400
10,0.199,6900
9,0.203,7000
8,0.204,7600
7,0.211,7900
6,0.216,8300
5,0.222,8300
4,0.224,7700
3,0.227,8200
2,0.231,8500
0.999998,0.231,8900
0,0.232,8300
-1,0.233,7900
-2,0.233,7700
-3,0.232,6900
-4,0.231,6700
-5,0.229,6400
-6,0.229,6200
-7,0.228,5900
-8,0.227,5800
-9,0.226,5600
-10,0.225,5600
-11,0.225,5600
-12,0.225,5600
-13,0.222,5700
-14,0.221,5800
-15,0.22,6100
-16,0.222,5800
-17,0.22,4000
-18,0,0
-19,0,0
-20,0,0
-21,0,0
-22,0,0
-23,0,0
-24,0,0
-25,0,0
-26,0,0
-27,0,0
-28,0,0
-29,0,0
-30,0,0
-31,0,0
-32,0,0
-33,0,0
-34,0,0
-35,0,0
-36,0,0
-37,0,0
-38,0,0
-39,0,0
-40,0,0
-41,0,0
-42,0,0
-43,0,0
-44,0,0
-45,0,0
-46,0,0
-47,0,0
-48,0,0
-49,0,0
-50,0,0
-51,0,0
-52,0,0
-53,0,0
-54,0,0
-55,0,0
-56,0,0
-57,0,0
-58,0,0
-59,0,0
-60,0,0
-61,0,0
-62,0,0
-63,0,0
-64,0,0
-65,0,0
-66,0,0
-67,0,0
-68,0,0
-69,0,0
-70,0,0
-71,0,0
-72,0,0
-73,0,0
46,0,0
45,0,0
44,0.251,2000
43,0.247,2100
42,0.248,2000
41,0.247,2300
40,0.246,2400
39,0.248,2400
38,0.248,2300
37,0.247,2100
36,0.247,2000
35,0.252,3000
34,0.249,2900
33,0.249,2400
32,0.247,1300
31,0,0
30,0.246,1700
29,0,0
28,0,0
27,0,0
26,0,0
25,0,0
24,0.241,5200
23,0.24,5100
22,0.238,5300
21,0.235,5600
20,0.235,6000
19,0.231,5600
18,0.227,5300
17,0.221,5700
16,0.215,6800
15,0.215,7600
14,0.218,7500
13,0.216,7300
12,0.216,7000
11,0.219,6500
10,0.218,6100
9,0.225,5600
8,0.23,6400
7,0.232,7100
6,0.237,7100
5,0.243,7300
4,0.244,7700
3,0.246,8300
2,0.248,8800
0.999998,0.249,8600
0,0.25,8000
-1,0.253,7200
-2,0.254,6200
-3,0.264,2700
-4,0,0
-5,0,0
-6,0,0
-7,0,0
-8,0.257,2600
-9,0.258,2400
-10,0.26,2000
-11,0,0
-12,0,0
-13,0,0
-14,0,0
-15,0,0
-16,0,0
-17,3.744,200
-18,3.902,300
-19,0,0
-20,0,0
-21,0,0
-22,0,0
-23,0,0
-24,0,0
-25,0,0
-26,0,0
-27,0,0
-28,0,0
-29,0,0
-30,0,0
-31,0,0
-32,0,0
-33,0,0
-34,0,0
-35,0,0
-36,0,0
-37,0,0
-38,0,0
-39,0,0
-40,0,0
-41,0,0
-42,0,0
-43,0,0
-44,0,0
-45,0,0
-46,0,0
-47,0,0
-48,0,0
-49,0,0
-50,0,0
-51,0,0
-52,0,0
-53,0,0
-54,0,0
-55,0,0
-56,0,0
-57,0,0
-58,0,0
-59,0,0
-60,0,0
-61,0,0
-62,0,0
-63,0,0
-64,0,0
-65,0,0
-66,0,0
-67,0,0
-68,0,0
-69,0,0
-70,0,0
-71,0,0
-72,0,0
-73,0,0
46,0,0
45,0,0
44,0.258,1900
43,0.252,2200
42,0.254,2400
41,0.254,2600
40,0.252,2900
39,0.254,2800
38,0.253,2700
37,0.252,2500
36,0.254,2600
35,0.253,2600
34,0.258,4000
33,0.26,3900
32,0.258,3500
31,0.25,1500
30,0,0
29,0.252,2500
28,0.253,1000
27,0,0
26,0,0
25,0,0
24,0.252,5500
23,0.252,5900
22,0.251,6400
21,0.249,6500
20,0.248,6300
19,0.246,5300
18,0.243,5100
17,0.241,5800
16,0.235,6400
15,0.235,6800
14,0.238,6600
13,0.237,6000
12,0.239,5900
11,0.243,5200
10,0.246,5200
9,0.254,5700
8,0.256,6300
7,0.258,6800
6,0.263,7100
5,0.268,7200
4,0.266,7600
3,0.267,8000
2,0.269,8000
0.999998,0.27,7700
0,0.27,7600
-1,0.274,7100
-2,0.27,5500
-3,0.27,5400
-4,0.269,4600
-5,0.268,4500
-6,0.269,4600
-7,0.268,4200
-8,0.267,4000
-9,0,0
-10,0.267,4200
-11,0.267,4200
-12,0,0
-13,0.267,4300
-14,0.268,4300
-15,0.269,3800
-16,0,0
-17,3.921,200
-18,3.871,300
-19,0,0
-20,0,0
-21,0,0
-22,0,0
-23,0,0
-24,0,0
-25,0,0
-26,0,0
-27,0,0
-28,0,0
-29,0,0
-30,0,0
-31,0,0
-32,0,0
-33,0,0
-34,0,0
-35,0,0
-36,0,0
-37,0,0
-38,0,0
-39,0,0
-40,0,0
-41,0,0
-42,0,0
-43,0,0
-44,0,0
-45,0,0
-46,0,0
-47,0,0
-48,0,0
-49,0,0
-50,0,0
-51,0,0
-52,0,0
-53,0,0
-54,0,0
-55,0,0
-56,0,0
-57,0,0
-58,0,0
-59,0,0
-60,0,0
-61,0,0
-62,0,0
-63,0,0
-64,0,0
-65,0,0
-66,0,0
-67,0,0
-68,0,0
-69,0,0
-70,0,0
-71,0,0
-72,0,0
-73,0,0
46,0,0
45,0,0
44,0.265,1900
43,0.261,2300
42,0.261,2600
41,0.261,2800
40,0.26,2900
39,0.262,3100
38,0.262,2900
37,0.26,2700
36,0.261,2800
35,0.263,3000
34,0.26,2900
33,0.27,4500
32,0.268,4600
31,0.265,4300
30,0.263,1600
29,0,0
28,0.272,3600
27,0.261,3300
26,0.263,4100
25,0.26,5200
24,0.264,7100
23,0.266,7200
22,0.265,7300
21,0.263,7000
20,0.263,6400
19,0.262,5600
18,0.26,5500
17,0.259,5700
16,0.255,6100
15,0.256,6400
14,0.259,6100
13,0.259,5700
12,0.263,5400
11,0.268,5200
10,0.27,4800
9,0.276,5200
8,0.278,5600
7,0.279,5800
6,0.285,6000
5,0.289,6300
4,0.287,6600
3,0.289,6700
2,0.292,6700
0.999998,0.295,6700
0,0.297,6000
-1,0.301,4200
-2,0.299,4700
-3,0.298,4100
-4,0.3,3600
-5,0.303,2600
-6,0.305,2500
-7,0.305,2400
-8,0,0
-9,0,0
-10,0,0
-11,0,0
-12,3.734,300
-13,3.853,200
-14,3.776,300
-15,3.716,200
-16,3.835,300
-17,3.843,300
-18,3.985,200
-19,0,0
-20,0,0
-21,0,0
-22,0,0
-23,0,0
-24,0,0
-25,0,0
-26,0,0
-27,0,0
-28,0,0
-29,0,0
-30,0,0
-31,0,0
-32,0,0
-33,0,0
-34,0,0
-35,0,0
-36,0,0
-37,0,0
-38,0,0
-39,0,0
-40,0,0
-41,0,0
-42,0,0
-43,0,0
-44,0,0
-45,0,0
-46,0,0
-47,0,0
-48,0,0
-49,0,0
-50,0,0
-51,0,0
-52,0,0
-53,0,0
-54,0,0
-55,0,0
-56,0,0
-57,0,0
-58,0,0
-59,0,0
-60,0,0
-61,0,0
-62,0,0
-63,0,0
-64,0,0
-65,0,0
-66,0,0
-67,0,0
-68,0,0
-69,0,0
-70,0,0
-71,0,0
-72,0,0
-73,0,0
46,0,0
45,0,0
44,0,0
43,0.265,2200
42,0.266,2500
41,0.266,2800
40,0.265,3200
39,0.267,3200
38,0.267,2800
37,0.266,2600
36,0.267,2900
35,0.269,3200
34,0.267,3100
33,0.272,3700
32,0.275,4700
31,0.273,4900
30,0.276,3400
29,0,0
28,0.282,5200
27,0.269,3900
26,0.263,3500
25,0.261,3900
24,0.268,4100
23,0.277,6600
22,0.277,6700
21,0.275,6200
20,0.277,5600
19,0.276,5000
18,0.274,4800
17,0.273,5100
16,0.27,5900
15,0.271,6100
14,0.274,5600
13,0.274,5400
12,0.277,5200
11,0.282,4700
10,0.283,4200
9,0.288,4400
8,0.291,5000
7,0.292,5400
6,0.297,5600
5,0.3,5900
4,0.301,6200
3,0.302,6000
2,0.303,6000
0.999998,0.303,4500
0,0.306,4500
-1,0.309,4600
-2,0.31,4200
-3,0.312,4100
-4,0.313,4100
-5,0.311,4200
-6,0.313,4300
-7,0.313,4200
-8,0.313,4100
-9,0.314,3800
-10,0.316,3400
-11,0,0
-12,3.733,300
-13,3.859,200
-14,3.773,300
-15,3.71,200
-16,3.836,300
-17,3.918,200
-18,3.969,200
-19,0,0
-20,0,0
-21,0,0
-22,0,0
-23,0,0
-24,0,0
-25,0,0
-26,0,0
-27,0,0
-28,0,0
-29,0,0
-30,0,0
-31,0,0
-32,0,0
-33,0,0
-34,0,0
-35,0,0
-36,0,0
-37,0,0
-38,0,0
-39,0,0
-40,0,0
-41,0,0
-42,0,0
-43,0,0
-44,0,0
-45,0,0
-46,0,0
-47,0,0
-48,0,0
-49,0,0
-50,0,0
-51,0,0
-52,0,0
-53,0,0
-54,0,0
-55,0,0
-56,0,0
-57,0,0
-58,0,0
-59,0,0
-60,0,0
-61,0,0
-62,0,0
-63,0,0
-64,0,0
-65,0,0
-66,0,0
-67,0,0
-68,0,0
-69,0,0
-70,0,0
-71,0,0
-72,0,0
-73,0,0
46,0,0
45,0,0
44,0,0
43,0.266,2100
42,0.267,2500
41,0.267,3000
40,0.265,3100
39,0.267,3200
38,0.267,2900
37,0.266,2600
36,0.267,2900
35,0.27,3100
34,0.268,3100
33,0.271,3400
32,0.276,4700
31,0.274,4800
30,0.277,4300
29,0.276,4400
28,0.284,5100
27,0.271,3500
26,0.265,3200
25,0.265,3900
24,0.269,3100
23,0.279,6300
22,0.279,6400
21,0.278,6100
20,0.28,5500
19,0.279,4600
18,0.277,4700
17,0.276,4800
16,0.273,5600
15,0.274,6000
14,0.277,5600
13,0.277,5300
12,0.28,5200
11,0.285,4600
10,0.285,4100
9,0.291,4200
8,0.293,4700
7,0.295,5300
6,0.299,5500
5,0.303,5800
4,0.304,6000
3,0.306,5800
2,0.309,5500
0.999998,0.311,4600
0,0.312,4500
-1,0.312,4300
-2,0.312,3800
-3,0.314,3600
-4,0.314,3700
-5,0.313,3900
-6,0.314,3900
-7,0.315,4000
-8,0.314,3800
-9,0.314,3700
-10,0.317,2800
-11,0,0
-12,3.736,300
-13,3.766,300
-14,3.769,300
-15,3.724,200
-16,3.839,300
-17,3.924,200
-18,3.874,300
-19,0,0
-20,0,0
-21,0,0
-22,0,0
-23,0,0
-24,0,0
-25,0,0
-26,0,0
-27,0,0
-28,0,0
-29,0,0
-30,0,0
-31,0,0
-32,0,0
-33,0,0
-34,0,0
-35,0,0
-36,0,0
-37,0,0
-38,0,0
-39,0,0
-40,0,0
-41,0,0
-42,0,0
-43,0,0
-44,0,0
-45,0,0
-46,0,0
-47,0,0
-48,0,0
-49,0,0
-50,0,0
-51,0,0
-52,0,0
-53,0,0
-54,0,0
-55,0,0
-56,0,0
-57,0,0
-58,0,0
-59,0,0
-60,0,0
-61,0,0
-62,0,0
-63,0,0
-64,0,0
-65,0,0
-66,0,0
-67,0,0
-68,0,0
-69,0,0
-70,0,0
-71,0,0
-72,0,0
-73,0,0
46,0,0
45,0,0
44,0.268,2000
43,0.263,2300
42,0.264,2400
41,0.264,2800
40,0.263,3000
39,0.265,3200
38,0.265,2800
37,0.264,2700
36,0.265,2900
35,0.267,3000
34,0.264,3100
33,0.273,4200
32,0.273,4700
31,0.271,4900
30,0.27,1700
29,0,0
28,0.28,5400
27,0.265,4300
26,0.263,5500
25,0.261,5500
24,0.269,6200
23,0.273,7100
22,0.273,7000
21,0.271,6400
20,0.272,5900
19,0.271,5000
18,0.269,5100
17,0.268,5200
16,0.264,6000
15,0.266,6100
14,0.268,5700
13,0.269,5400
12,0.272,5100
11,0.278,4800
10,0.279,4400
9,0.285,4700
8,0.286,5100
7,0.289,5300
6,0.293,5600
5,0.297,5900
4,0.296,6100
3,0.298,6200
2,0.3,6100
0.999998,0.301,5600
0,0.305,4900
-1,0.306,4900
-2,0.307,4500
-3,0.308,4000
-4,0.309,3800
-5,0.308,3700
-6,0.31,3800
-7,0.31,3500
-8,0.311,3200
-9,0.312,2800
-10,0.314,2600
-11,0,0
-12,3.741,300
-13,3.769,300
-14,3.773,300
-15,3.721,200
-16,3.832,300
-17,3.929,200
-18,3.874,300
-19,0,0
-20,0,0
-21,0,0
-22,0,0
-23,0,0
-24,0,0
-25,0,0
-26,0,0
-27,0,0
-28,0,0
-29,0,0
-30,0,0
-31,0,0
-32,0,0
-33,0,0
-34,0,0
-35,0,0
-36,0,0
-37,0,0
-38,0,0
-39,0,0
-40,0,0
-41,0,0
-42,0,0
-43,0,0
-44,0,0
-45,0,0
-46,0,0
-47,0,0
-48,0,0
-49,0,0
-50,0,0
-51,0,0
-52,0,0
-53,0,0
-54,0,0
-55,0,0
-56,0,0
-57,0,0
-58,0,0
-59,0,0
-60,0,0
-61,0,0
-62,0,0
-63,0,0
-64,0,0
-65,0,0
-66,0,0
-67,0,0
-68,0,0
-69,0,0
-70,0,0
-71,0,0
-72,0,0
-73,0,0
46,0,0
45,0,0
44,0.26,2000
43,0.254,2300
42,0.254,2600
41,0.255,3000
40,0.253,3100
39,0.256,3100
38,0.255,3000
37,0.254,3000
36,0.255,3000
35,0.255,3100
34,0.259,4700
33,0.261,4800
32,0.26,4400
31,0.255,1900
30,0.259,4700
29,0.257,4700
28,0.26,2800
27,0.251,2900
26,0.251,4100
25,0.253,5700
24,0.255,7500
23,0.256,7400
22,0.255,7200
21,0.253,6800
20,0.254,6300
19,0.251,5800
18,0.25,5600
17,0.248,5900
16,0.244,6400
15,0.246,6600
14,0.249,6300
13,0.249,6000
12,0.252,5800
11,0.256,5500
10,0.257,5100
9,0.263,5300
8,0.264,5900
7,0.265,6200
6,0.271,6300
5,0.275,6500
4,0.274,6800
3,0.274,7000
2,0.277,6800
0.999998,0.279,7000
0,0.281,6500
-1,0.285,5300
-2,0.284,4700
-3,0.284,4100
-4,0.285,3800
-5,0.285,3400
-6,0.287,3300
-7,0.288,3000
-8,0.287,2700
-9,0.288,2300
-10,0,0
-11,0,0
-12,0,0
-13,3.755,300
-14,3.772,300
-15,3.716,200
-16,3.839,300
-17,3.847,300
-18,3.985,200
-19,0,0
-20,0,0
-21,0,0
-22,0,0
-23,0,0
-24,0,0
-25,0,0
-26,0,0
-27,0,0
-28,0,0
-29,0,0
-30,0,0
-31,0,0
-32,0,0
-33,0,0
-34,0,0
-35,0,0
-36,0,0
-37,0,0
-38,0,0
-39,0,0
-40,0,0
-41,0,0
-42,0,0
-43,0,0
-44,0,0
-45,0,0
-46,0,0
-47,0,0
-48,0,0
-49,0,0
-50,0,0
-51,0,0
-52,0,0
-53,0,0
-54,0,0
-55,0,0
-56,0,0
-57,0,0
-58,0,0
-59,0,0
-60,0,0
-61,0,0
-62,0,0
-63,0,0
-64,0,0
-65,0,0
-66,0,0
-67,0,0
-68,0,0
-69,0,0
-70,0,0
-71,0,0
-72,0,0
-73,0,0
46,0,0
45,0,0
44,0.236,2400
43,0.229,2600
42,0.23,3000
41,0.23,3300
40,0.228,3300
39,0.232,4700
38,0.234,5400
37,0.232,5100
36,0.231,4500
35,0.229,2300
34,0,0
33,0.229,4500
32,0.223,2700
31,0.216,2100
30,0.218,2800
29,0.215,3100
28,0.23,6000
27,0.221,7500
26,0.22,8100
25,0.219,8200
24,0.217,8000
23,0.216,7600
22,0.215,7700
21,0.212,7800
20,0.211,7600
19,0.208,7300
18,0.207,7300
17,0.206,7600
16,0.202,8200
15,0.205,8300
14,0.208,8200
13,0.208,8000
12,0.21,7800
11,0.214,7400
10,0.212,7000
9,0.217,7200
8,0.216,7700
7,0.217,8000
6,0.221,8000
5,0.225,8200
4,0.224,8500
3,0.224,8800
2,0.225,8900
0.999998,0.226,8900
0,0.227,8800
-1,0.229,8700
-2,0.229,8300
-3,0.229,7400
-4,0.23,6400
-5,0.228,6300
-6,0.229,6000
-7,0.229,5700
-8,0.228,5300
-9,0.228,5100
-10,0.23,5000
-11,0.23,4700
-12,0.231,4700
-13,0.23,4800
-14,0.23,4700
-15,0.231,4400
-16,0.233,4100
-17,0.232,3700
-18,0.234,3400
-19,0,0
-20,0,0
-21,0,0
-22,0,0
-23,0,0
-24,0,0
-25,0,0
-26,0,0
-27,0,0
-28,0,0
-29,0,0
-30,0,0
-31,0,0
-32,0,0
-33,0,0
-34,0,0
-35,0,0
-36,0,0
-37,0,0
-38,0,0
-39,0,0
-40,0,0
-41,0,0
-42,0,0
-43,0,0
-44,0,0
-45,0,0
-46,0,0
-47,0,0
-48,0,0
-49,0,0
-50,0,0
-51,0,0
-52,0,0
-53,0,0
-54,0,0
-55,0,0
-56,0,0
-57,0,0
-58,0,0
-59,0,0
-60,0,0
-61,0,0
-62,0,0
-63,0,0
-64,0,0
-65,0,0
-66,0,0
-67,0,0
-68,0,0
-69,0,0
-70,0,0
-71,0,0
-72,0,0
-73,0,0
46,0,0
45,0,0
44,0.215,2100
43,0.207,2300
42,0.212,5200
41,0.216,5500
40,0.212,5300
39,0.213,5000
38,0.202,1600
37,0,0
36,0.206,4500
35,0,0
34,0,0
33,0,0
32,0,0
31,0,0
30,0,0
29,0.196,7900
28,0.204,8400
27,0.193,8600
26,0.19,8400
25,0.188,7900
24,0.186,8200
23,0.185,8200
22,0.182,8300
21,0.178,8400
20,0.178,8500
19,0.176,8200
18,0.174,8200
17,0.174,8700
16,0.171,9300
15,0.174,9400
14,0.178,9300
13,0.177,9500
12,0.178,9300
11,0.182,8800
10,0.179,8800
9,0.183,9200
8,0.182,9400
7,0.183,9800
6,0.186,9700
5,0.189,10000
4,0.188,10100
3,0.189,10200
2,0.19,10500
0.999998,0.191,10500
0,0.191,10700
-1,0.192,10800
-2,0.191,10400
-3,0.191,10100
-4,0.193,10200
-5,0.191,9400
-6,0.192,8600
-7,0.192,7200
-8,0.189,6900
-9,0.189,6300
-10,0.19,6200
-11,0.19,6000
-12,0.191,5700
-13,0.19,5500
-14,0.191,5200
-15,0.191,4900
-16,0.192,4800
-17,0.191,4800
-18,0.193,4700
-19,0.194,4500
-20,0.192,4300
-21,0.195,4100
-22,0.194,3500
-23,0.194,3000
-24,0.195,2300
-25,0,0
-26,0,0
-27,0,0
-28,0,0
-29,0,0
-30,0,0
-31,0,0
-32,0,0
-33,0,0
-34,0,0
-35,0,0
-36,0,0
-37,0,0
-38,0,0
-39,0,0
-40,0,0
-41,0,0
-42,0,0
-43,0,0
-44,0,0
-45,0,0
-46,0,0
-47,0,0
-48,0,0
-49,0,0
-50,0,0
-51,0,0
-52,0,0
-53,0,0
-54,0,0
-55,0,0
-56,0,0
-57,0,0
-58,0,0
-59,0,0
-60,0,0
-61,0,0
-62,0,0
-63,0,0
-64,0,0
-65,0,0
-66,0,0
-67,0,0
-68,0,0
-69,0,0
-70,0,0
-71,0,0
-72,0,0
-73,0,0
46,0,0
45,0,0
44,0.221,2200
43,0.214,2500
42,0.215,2900
41,0.215,3200
40,0.211,3300
39,0.22,5900
38,0.22,5800
37,0.217,5300
36,0.216,4800
35,0.21,1700
34,0,0
33,0.215,4600
32,0.209,1600
31,0,0
30,0,0
29,0,0
28,0,0
27,0,0
26,0.204,8600
25,0.203,9100
24,0.202,9400
23,0.2,9200
22,0.198,8400
21,0.196,8600
20,0.195,8400
19,0.191,7800
18,0.189,7700
17,0.187,8100
16,0.183,8800
15,0.184,9100
14,0.188,9100
13,0.187,8900
12,0.189,8500
11,0.192,8400
10,0.191,8300
9,0.196,8400
8,0.195,9100
7,0.197,9400
6,0.202,9600
5,0.205,9300
4,0.204,9500
3,0.207,9700
2,0.209,9900
0.999998,0.21,10100
0,0.21,10100
-1,0.211,10200
-2,0.211,10000
-3,0.211,9500
-4,0.214,9600
-5,0.213,8900
-6,0.215,8200
-7,0.215,6600
-8,0.213,6300
-9,0.213,6000
-10,0.214,5600
-11,0.214,5400
-12,0.217,5100
-13,0.216,4900
-14,0.217,4800
-15,0.217,4500
-16,0.218,4600
-17,0.217,4400
-18,0.22,4100
-19,0.221,3900
-20,0.22,3800
-21,0,0
-22,0,0
-23,0,0
-24,0,0
-25,0,0
-26,0,0
-27,0,0
-28,0,0
-29,0,0
-30,0,0
-31,0,0
-32,0,0
-33,0,0
-34,0,0
-35,0,0
-36,0,0
-37,0,0
-38,0,0
-39,0,0
-40,0,0
-41,0,0
-42,0,0
-43,0,0
-44,0,0
-45,0,0
-46,0,0
-47,0,0
-48,0,0
-49,0,0
-50,0,0
-51,0,0
-52,0,0
-53,0,0
-54,0,0
-55,0,0
-56,0,0
-57,0,0
-58,0,0
-59,0,0
-60,0,0
-61,0,0
-62,0,0
-63,0,0
-64,0,0
-65,0,0
-66,0,0
-67,0,0
-68,0,0
-69,0,0
-70,0,0
-71,0,0
-72,0,0
-73,0,0
46,0,0
45,0,0
44,0.233,2200
43,0.227,2600
42,0.227,2800
41,0.228,3400
40,0.226,3500
39,0.228,3400
38,0.225,3700
37,0.232,5400
36,0.232,5400
35,0.232,5200
34,0.227,3400
33,0,0
32,0,0
31,0.223,3700
30,0.222,2100
29,0.22,1900
28,0.227,2600
27,0.217,3400
26,0.223,7500
25,0.222,8400
24,0.221,8800
23,0.221,8600
22,0.219,8200
21,0.216,7800
20,0.217,7700
19,0.214,7000
18,0.212,6800
17,0.211,7300
16,0.207,7800
15,0.208,8100
14,0.211,7800
13,0.21,7600
12,0.212,7300
11,0.217,7000
10,0.217,6800
9,0.222,6600
8,0.224,7300
7,0.226,7600
6,0.231,7500
5,0.236,7700
4,0.236,7900
3,0.238,8200
2,0.24,8400
0.999998,0.241,8600
0,0.243,8100
-1,0.246,8100
-2,0.247,7700
-3,0.248,6800
-4,0.251,5800
-5,0.249,5500
-6,0.251,5100
-7,0.251,4700
-8,0.252,4300
-9,0.253,3900
-10,0.255,3700
-11,0.256,3300
-12,0.258,2800
-13,0.258,2500
-14,0,0
-15,0,0
-16,3.835,300
-17,3.853,300
-18,3.874,300
-19,0,0
-20,0,0
-21,0,0
-22,0,0
-23,0,0
-24,0,0
-25,0,0
-26,0,0
-27,0,0
-28,0,0
-29,0,0
-30,0,0
-31,0,0
-32,0,0
-33,0,0
-34,0,0
-35,0,0
-36,0,0
-37,0,0
-38,0,0
-39,0,0
-40,0,0
-41,0,0
-42,0,0
-43,0,0
-44,0,0
-45,0,0
-46,0,0
-47,0,0
-48,0,0
-49,0,0
-50,0,0
-51,0,0
-52,0,0
-53,0,0
-54,0,0
-55,0,0
-56,0,0
-57,0,0
-58,0,0
-59,0,0
-60,0,0
-61,0,0
-62,0,0
-63,0,0
-64,0,0
-65,0,0
-66,0,0
-67,0,0
-68,0,0
-69,0,0
-70,0,0
-71,0,0
-72,0,0
-73,0,0
46,0,0
45,0,0
44,0.227,2500
43,0.22,2900
42,0.221,3800
41,0.226,5500
40,0.225,6000
39,0.226,5900
38,0.224,5000
37,0.219,3200
36,0,0
35,0.221,5400
34,0.216,3300
33,0.213,1900
32,0,0
31,0.206,2300
30,0.211,4300
29,0.213,7000
28,0.222,7700
27,0.212,7800
26,0.21,7700
25,0.21,7400
24,0.209,7100
23,0.209,7300
22,0.209,7600
21,0.206,7600
20,0.206,7500
19,0.205,7200
18,0.204,7200
17,0.204,7400
16,0.202,8000
15,0.205,8100
14,0.209,7900
13,0.208,7800
12,0.211,7400
11,0.215,6700
10,0.214,6200
9,0.22,6200
8,0.22,6600
7,0.223,7000
6,0.229,7100
5,0.233,7500
4,0.232,7600
3,0.234,7500
2,0.237,7500
0.999998,0.24,7500
0,0.244,6200
-1,0.246,5800
-2,0.245,5300
-3,0.246,4800
-4,0.245,4100
-5,0.243,3200
-6,0,0
-7,0.241,2200
-8,0,0
-9,0,0
-10,0,0
-11,0,0
-12,0,0
-13,0,0
-14,0,0
-15,0,0
-16,3.821,300
-17,3.846,300
-18,3.87,300
-19,0,0
-20,0,0
-21,0,0
-22,0,0
-23,0,0
-24,0,0
-25,0,0
-26,0,0
-27,0,0
-28,0,0
-29,0,0
-30,0,0
-31,0.691,1100
-32,0,0
-33,0,0
-34,0,0
-35,0,0
-36,0,0
-37,0,0
-38,0,0
-39,0,0
-40,0,0
-41,0,0
-42,0,0
-43,0,0
-44,0,0
-45,0,0
-46,0,0
-47,0,0
-48,0,0
-49,0,0
-50,0,0
-51,0,0
-52,0,0
-53,0,0
-54,0,0
-55,0,0
-56,0,0
-57,0,0
-58,0,0
-59,0,0
-60,0,0
-61,0,0
-62,0,0
-63,0,0
-64,0,0
-65,0,0
-66,0,0
-67,0,0
-68,0,0
-69,0,0
-70,0,0
-71,0,0
-72,0,0
-73,0,0
46,0,0
45,0,0
44,0,0
43,0,0
42,0,0
41,0,0
40,0,0
39,0,0
38,0,0
37,0,0
36,0,0
35,0,0
34,3.979,200
33,0,0
32,3.967,200
31,3.958,200
30,4.041,300
29,3.953,200
28,3.947,200
27,3.859,300
26,3.864,300
25,3.858,500
24,3.746,400
23,3.772,400
22,3.795,500
21,3.716,400
20,3.709,400
19,3.68,400
18,3.666,400
17,3.687,400
16,3.651,500
15,3.589,500
14,3.629,400
13,3.613,400
12,3.567,300
11,3.534,400
10,0,0
9,0,0
8,0,0
7,3.527,400
6,3.495,500
5,3.518,500
4,3.509,500
3,3.542,500
2,3.524,500
0.999998,3.535,500
0,3.533,500
-1,3.54,500
-2,3.553,500
-3,3.533,400
-4,3.535,400
-5,3.6,500
-6,3.557,400
-7,3.576,400
-8,3.568,400
-9,3.6,400
-10,3.634,400
-11,3.636,400
-12,3.688,400
-13,3.756,300
-14,3.71,400
-15,3.725,400
-16,3.773,400
-17,3.777,400
-18,3.84,400
-19,0,0
-20,0,0
-21,0,0
-22,0,0
-23,0,0
-24,0,0
-25,0,0
-26,0,0
-27,0,0
-28,0,0
-29,0,0
-30,0,0
-31,0,0
-32,0,0
-33,0,0
-34,0,0
-35,0,0
-36,0,0
-37,0,0
-38,0,0
-39,0,0
-40,0,0
-41,0,0
-42,0,0
-43,0,0
-44,0,0
-45,0,0
-46,0,0
-47,0,0
-48,0,0
-49,0,0
-50,0,0
-51,0,0
-52,0,0
-53,0,0
-54,0,0
-55,0,0
-56,0,0
-57,0,0
-58,0,0
-59,0,0
-60,0,0
-61,0,0
-62,0,0
-63,0,0
-64,0,0
-65,0,0
-66,0,0
-67,0,0
-68,0,0
-69,0,0
-70,0,0
-71,0,0
-72,0,0
-73,0,0
46,0,0
45,0,0
44,0,0
43,0,0
42,0,0
41,0,0
40,0,0
39,0,0
38,0,0
37,0,0
36,0,0
35,4.081,300
34,4.066,300
33,4.052,300
32,4.044,300
31,4.051,300
30,4.025,300
29,4.021,300
28,3.865,300
27,3.859,500
26,3.838,500
25,3.851,500
24,3.759,600
23,3.771,600
22,3.81,700
21,3.654,500
20,3.716,400
19,3.628,500
18,3.681,400
17,3.692,400
16,3.598,600
15,3.609,500
14,3.626,400
13,3.582,500
12,3.534,400
11,3.536,400
10,0,0
9,0,0
8,0,0
7,3.494,500
6,3.539,600
5,3.551,600
4,3.514,500
3,3.552,600
2,3.533,500
0.999998,3.564,600
0,3.54,500
-1,3.527,500
-2,3.569,500
-3,3.555,500
-4,3.583,500
-5,3.597,500
-6,3.578,500
-7,3.592,500
-8,3.57,400
-9,3.644,500
-10,3.618,400
-11,3.613,400
-12,3.685,400
-13,3.75,500
-14,3.701,400
-15,3.71,400
-16,3.771,400
-17,3.776,400
-18,3.818,400
-19,0,0
-20,0,0
-21,0,0
-22,0,0
-23,0,0
-24,0.709,900
-25,0,0
-26,0,0
-27,0,0
-28,0,0
-29,0,0
-30,0,0
-31,0.382,2300
-32,0.373,2100
-33,0,0
-34,0.37,2600
-35,0.367,2500
-36,0.366,2100
-37,0,0
-38,0,0
-39,0,0
-40,0,0
-41,0,0
-42,0,0
-43,0,0
-44,0,0
-45,0,0
-46,0,0
-47,0,0
-48,0,0
-49,0,0
-50,0,0
-51,0,0
-52,0,0
-53,0,0
-54,0,0
-55,0,0
-56,0,0
-57,0,0
-58,0,0
-59,0,0
-60,0,0
-61,0,0
-62,0,0
-63,0,0
-64,0,0
-65,0,0
-66,0,0
-67,0,0
-68,0,0
-69,0,0
-70,0,0
-71,0,0
-72,0,0
-73,0,0
46,0,0
45,0,0
44,0,0
43,0,0
42,0,0
41,0,0
40,0,0
39,0,0
38,0,0
37,0,0
36,0,0
35,4.081,300
34,4.077,300
33,4.069,300
32,4.045,300
31,4.05,300
30,4.019,300
29,3.957,400
28,3.931,400
27,3.85,500
26,3.859,500
25,3.847,500
24,3.75,600
23,3.782,600
22,3.811,700
21,3.709,600
20,3.701,400
19,3.687,400
18,3.681,400
17,3.677,400
16,3.647,500
15,3.599,500
14,3.635,400
13,3.569,500
12,3.56,500
11,3.536,400
10,0,0
9,0,0
8,0,0
7,3.538,600
6,3.527,600
5,3.55,600
4,3.532,600
3,3.549,600
2,3.534,500
0.999998,3.567,600
0,3.545,500
-1,3.528,500
-2,3.562,500
-3,3.558,500
-4,3.574,500
-5,3.591,500
-6,3.586,500
-7,3.592,500
-8,3.573,400
-9,3.594,400
-10,3.642,400
-11,3.624,400
-12,3.676,400
-13,3.739,500
-14,3.713,400
-15,3.716,400
-16,3.777,400
-17,3.768,400
-18,3.88,300
-19,0,0
-20,0,0
-21,0,0
-22,0.511,1300
-23,0,0
-24,0,0
-25,0,0
-26,0,0
-27,0,0
-28,0,0
-29,0,0
-30,0.341,3400
-31,0.341,3300
-32,0.336,3000
-33,0.337,3100
-34,0.336,3100
-35,0.336,2700
-36,0.34,1800
-37,0,0
-38,0.402,1200
-39,0.403,1300
-40,0.403,1200
-41,0,0
-42,0,0
-43,0,0
-44,0,0
-45,0,0
-46,0,0
-47,0,0
-48,0,0
-49,0,0
-50,0,0
-51,0,0
-52,0,0
-53,0,0
-54,0,0
-55,0,0
-56,0,0
-57,0,0
-58,0,0
-59,0,0
-60,0,0
-61,0,0
-62,0,0
-63,0,0
-64,0,0
-65,0,0
-66,0,0
-67,0,0
-68,0,0
-69,0,0
-70,0,0
-71,0,0
-72,0,0
-73,0,0
46,0,0
45,0,0
44,0,0
43,0,0
42,0,0
41,0,0
40,0,0
39,0,0
38,0,0
37,0,0
36,0,0
35,4.182,400
34,4.186,400
33,4.047,300
32,4.043,300
31,4.066,300
30,3.949,200
29,3.958,400
28,3.865,300
27,3.808,400
26,3.828,500
25,3.848,500
24,3.762,600
23,3.775,600
22,3.808,700
21,3.646,500
20,3.676,500
19,3.68,400
18,3.671,400
17,3.691,400
16,3.601,600
15,3.613,500
14,3.622,400
13,3.584,500
12,3.528,400
11,3.536,400
10,0,0
9,0,0
8,0,0
7,3.493,500
6,3.533,600
5,3.547,600
4,3.532,600
3,3.534,500
2,3.524,500
0.999998,3.543,500
0,3.542,500
-1,3.519,500
-2,3.575,500
-3,3.565,500
-4,3.59,500
-5,3.581,500
-6,3.548,400
-7,3.586,500
-8,3.577,400
-9,3.639,500
-10,3.605,400
-11,3.66,500
-12,3.826,200
-13,0,0
-14,0,0
-15,0,0
-16,0.508,1300
-17,0.492,1300
-18,0.476,1300
-19,0,0
-20,0.351,2500
-21,0.345,2900
-22,0.339,3100
-23,0.332,2900
-24,0.329,2300
-25,0.328,2700
-26,0.325,2700
-27,0.324,3000
-28,0.323,3100
-29,0.321,3900
-30,0.319,4100
-31,0.321,3600
-32,0.32,2900
-33,0.37,2800
-34,0.388,1500
-35,0.387,1300
-36,0.388,1300
-37,0.391,1300
-38,0.393,1200
-39,0.396,1400
-40,0.399,1100
-41,0,0
-42,0,0
-43,0,0
-44,0,0
-45,0,0
-46,0,0
-47,0,0
-48,0,0
-49,0,0
-50,0,0
-51,0,0
-52,0,0
-53,0,0
-54,0,0
-55,0,0
-56,0,0
-57,0,0
-58,0,0
-59,0,0
-60,0,0
-61,0,0
-62,0,0
-63,0,0
-64,0,0
-65,0,0
-66,0,0
-67,0,0
-68,0,0
-69,0,0
-70,0,0
-71,0,0
-72,0,0
-73,0,0
46,0,0
45,0,0
44,0,0
43,0,0
42,0,0
41,0,0
40,0,0
39,0,0
38,0,0
37,0,0
36,0,0
35,4.086,300
34,4.077,300
33,4.063,300
32,4.048,300
31,4.046,300
30,4.032,300
29,4.019,300
28,3.867,300
27,3.862,300
26,3.852,500
25,3.85,500
24,3.781,500
23,3.813,500
22,3.788,600
21,3.656,500
20,3.699,400
19,3.679,400
18,3.671,400
17,3.687,400
16,3.649,500
15,3.6,500
14,3.631,400
13,3.567,500
12,3.531,400
11,3.54,400
10,0,0
9,0,0
8,0,0
7,3.536,400
6,3.526,600
5,3.551,600
4,3.52,500
3,3.55,600
2,3.538,500
0.999998,3.537,500
0,3.538,500
-1,3.532,500
-2,3.56,500
-3,3.562,500
-4,3.577,500
-5,3.597,500
-6,3.594,500
-7,3.59,500
-8,0,0
-9,0,0
-10,0,0
-11,0.495,1300
-12,0.482,1400
-13,0,0
-14,0,0
-15,0,0
-16,0,0
-17,0.333,2900
-18,0.331,3100
-19,0.328,3500
-20,0.322,3400
-21,0.32,3800
-22,0.316,4000
-23,0.312,3900
-24,0.314,3300
-25,0.314,3400
-26,0.312,3200
-27,0.313,3300
-28,0.314,3400
-29,0.315,3300
-30,0.324,3800
-31,0.377,1500
-32,0.376,1500
-33,0.379,1400
-34,0.381,1500
-35,0.384,1400
-36,0.389,1200
-37,0.395,1100
-38,0.401,1200
-39,0.408,1200
-40,0.414,1300
-41,0,0
-42,0,0
-43,0,0
-44,0,0
-45,0,0
-46,0,0
-47,0,0
-48,0,0
-49,0,0
-50,0,0
-51,0,0
-52,0,0
-53,0,0
-54,0,0
-55,0,0
-56,0,0
-57,0,0
-58,0,0
-59,0,0
-60,0,0
-61,0,0
-62,0,0
-63,0,0
-64,0,0
-65,0,0
-66,0,0
-67,0,0
-68,0,0
-69,0,0
-70,0,0
-71,0,0
-72,0,0
-73,0,0
46,0.169,1900
45,0,0
44,0,0
43,0.196,2500
42,0,0
41,0,0
40,0,0
39,0,0
38,0,0
37,0,0
36,0,0
35,3.984,200
34,3.967,200
33,3.96,200
32,3.964,200
31,4.066,300
30,3.941,200
29,3.959,200
28,3.944,200
27,3.871,300
26,3.774,400
25,3.852,500
24,3.795,500
23,3.78,400
22,3.795,500
21,3.697,400
20,3.708,400
19,3.681,400
18,3.677,400
17,3.682,400
16,3.633,500
15,3.613,500
14,3.557,300
13,3.576,300
12,3.56,300
11,3.571,300
10,0,0
9,0,0
8,0,0
7,3.543,400
6,3.535,400
5,3.521,500
4,3.511,500
3,3.538,500
2,3.52,500
0.999998,3.537,500
0,3.534,500
-1,3.516,500
-2,3.557,500
-3,3.565,500
-4,3.541,400
-5,0,0
-6,0,0
-7,0.47,1400
-8,0.448,1600
-9,0,0
-10,0,0
-11,0,0
-12,0,0
-13,0,0
-14,0.312,3600
-15,0.309,3800
-16,0.306,3900
-17,0.304,4200
-18,0.303,4600
-19,0.301,4500
-20,0.299,4500
-21,0.3,4500
-22,0.299,4500
-23,0.299,4500
-24,0.301,3700
-25,0.306,2900
-26,0.351,2700
-27,0.366,1500
-28,0.368,1600
-29,0.37,1800
-30,0.374,1700
-31,0.38,1500
-32,0.383,1500
-33,0.391,1400
-34,0.397,1500
-35,0.4,1400
-36,0.408,1300
-37,0,0
-38,0,0
-39,0,0
-40,0,0
-41,0,0
-42,0,0
-43,0,0
-44,0,0
-45,0,0
-46,0,0
-47,0,0
-48,0,0
-49,0,0
-50,0,0
-51,0,0
-52,0,0
-53,0,0
-54,0,0
-55,0,0
-56,0,0
-57,0,0
-58,0,0
-59,0,0
-60,0,0
-61,0,0
-62,0,0
-63,0,0
-64,0,0
-65,0,0
-66,0,0
-67,0,0
-68,0,0
-69,0,0
-70,0,0
-71,0,0
-72,0,0
-73,0,0
46,0,0
45,0,0
44,0,0
43,0,0
42,0.192,3000
41,0,0
40,0,0
39,0,0
38,0,0
37,0,0
36,0,0
35,0,0
34,3.967,200
33,3.964,200
32,3.968,200
31,4.051,300
30,3.949,200
29,3.961,200
28,3.937,200
27,3.871,300
26,3.843,300
25,3.845,500
24,3.756,400
23,3.775,400
22,3.811,500
21,3.693,400
20,3.703,400
19,3.671,400
18,3.679,400
17,3.686,400
16,3.632,500
15,3.614,500
14,3.567,300
13,3.58,300
12,3.563,300
11,3.577,300
10,0,0
9,0,0
8,0,0
7,3.544,400
6,3.533,400
5,3.521,500
4,3.5,300
3,0,0
2,0,0
0.999998,0,0
0,0,0
-1,0.471,1600
-2,0.452,1800
-3,0,0
-4,0,0
-5,0,0
-6,0,0
-7,0.324,3100
-8,0.318,3200
-9,0.314,3400
-10,0.312,3900
-11,0.31,4100
-12,0.308,4100
-13,0.306,4200
-14,0.307,4200
-15,0.306,4200
-16,0.308,4300
-17,0.307,4000
-18,0.323,4300
-19,0.357,3200
-20,0.366,1800
-21,0.369,1900
-22,0.372,2000
-23,0.375,2000
-24,0.382,1600
-25,0.389,1600
-26,0.394,1700
-27,0.399,1600
-28,0.405,1700
-29,0.41,1800
-30,0.421,1900
-31,0.428,1500
-32,0.438,600
-33,0,0
-34,0,0
-35,0,0
-36,0,0
-37,0,0
-38,0,0
-39,0,0
-40,0,0
-41,0,0
-42,0,0
-43,0,0
-44,0,0
-45,0,0
-46,0,0
-47,0,0
-48,0,0
-49,0,0
-50,0,0
-51,0,0
-52,0,0
-53,0,0
-54,0,0
-55,0,0
-56,0,0
-57,0,0
-58,0,0
-59,0,0
-60,0,0
-61,0,0
-62,0,0
-63,0,0
-64,0,0
-65,0,0
-66,0,0
-67,0,0
-68,0,0
-69,0,0
-70,0,0
-71,0,0
-72,0,0
-73,0,0
46,0,0
45,0,0
44,0,0
43,0,0
42,0,0
41,0.187,3100
40,0,0
39,0,0
38,0,0
37,0,0
36,0,0
35,0,0
34,3.975,200
33,0,0
32,3.964,200
31,4.066,300
30,3.945,200
29,3.962,200
28,3.933,200
27,3.875,300
26,3.836,300
25,3.851,500
24,3.759,400
23,3.781,400
22,3.808,500
21,3.702,400
20,3.711,400
19,3.673,400
18,3.678,400
17,3.622,300
16,3.642,500
15,3.615,500
14,3.563,300
13,3.583,300
12,3.558,300
11,3.515,200
10,0,0
9,0,0
8,0,0
7,0.481,1500
6,0,0
5,0,0
4,0,0
3,0.399,1800
2,0.39,1800
0.999998,0.383,1800
0,0.348,2400
-1,0,0
-2,0.333,3700
-3,0.329,3600
-4,0.327,3600
-5,0.324,3800
-6,0.325,4300
-7,0.323,4200
-8,0.322,3700
-9,0.322,4000
-10,0.324,3700
-11,0.327,3500
-12,0.335,3500
-13,0,0
-14,0.389,2500
-15,0.393,2500
-16,0.399,2200
-17,0.404,2400
-18,0.414,2200
-19,0.426,2200
-20,0.435,2100
-21,0.448,1300
-22,0,0
-23,0,0
-24,0,0
-25,0,0
-26,0,0
-27,0,0
-28,0,0
-29,0,0
-30,0,0
-31,0,0
-32,0,0
-33,0,0
-34,0,0
-35,0,0
-36,0,0
-37,0,0
-38,0,0
-39,0,0
-40,0,0
-41,0,0
-42,0,0
-43,0,0
-44,0,0
-45,0,0
-46,0,0
-47,0,0
-48,0,0
-49,0,0
-50,0,0
-51,0,0
-52,0,0
-53,0,0
-54,0,0
-55,0,0
-56,0,0
-57,0,0
-58,0,0
-59,0,0
-60,0,0
-61,0,0
-62,0,0
-63,0,0
-64,0,0
-65,0,0
-66,0,0
-67,0,0
-68,0,0
-69,0,0
-70,0,0
-71,0,0
-72,0,0
-73,0,0
46,0,0
45,0,0
44,0,0
43,0,0
42,0,0
41,0.176,3400
40,0.178,3300
39,0,0
38,0,0
37,0,0
36,0,0
35,0,0
34,3.971,200
33,0,0
32,3.964,200
31,4.061,300
30,3.942,200
29,3.953,200
28,3.937,200
27,3.866,300
26,3.832,300
25,3.8,400
24,3.753,400
23,3.773,400
22,3.79,500
21,3.69,400
20,3.703,400
19,3.681,400
18,3.676,400
17,3.612,300
16,0,0
15,0,0
14,0.519,1200
13,0,0
12,0,0
11,0,0
10,0,0
9,0.427,1400
8,0.423,1700
7,0.418,1800
6,0.415,1800
5,0.41,1800
4,0.403,1800
3,0.399,2100
2,0.376,3000
0.999998,0.372,3800
0,0.37,3700
-1,0.371,3600
-2,0.369,3800
-3,0.369,3400
-4,0.371,2900
-5,0.373,3000
-6,0.379,2600
-7,0.385,2500
-8,0.391,2200
-9,0.455,2000
-10,0.467,2000
-11,0.481,1400
-12,0,0
-13,3.756,300
-14,3.758,300
-15,3.709,400
-16,3.843,300
-17,3.855,300
-18,3.874,300
-19,0,0
-20,0,0
-21,0,0
-22,0,0
-23,0,0
-24,0,0
-25,0,0
-26,0,0
-27,0,0
-28,0,0
-29,0,0
-30,0,0
-31,0,0
-32,0,0
-33,0,0
-34,0,0
-35,0,0
-36,0,0
-37,0,0
-38,0,0
-39,0,0
-40,0,0
-41,0,0
-42,0,0
-43,0,0
-44,0,0
-45,0,0
-46,0,0
-47,0,0
-48,0,0
-49,0,0
-50,0,0
-51,0,0
-52,0,0
-53,0,0
-54,0,0
-55,0,0
-56,0,0
-57,0,0
-58,0,0
-59,0,0
-60,0,0
-61,0,0
-62,0,0
-63,0,0
-64,0,0
-65,0,0
-66,0,0
-67,0,0
-68,0,0
-69,0,0
-70,0,0
-71,0,0
-72,0,0
-73,0,0
46,0,0
45,0,0
44,0,0
43,0,0
42,0,0
41,0,0
40,0.17,3600
39,0.177,3500
38,0,0
37,0,0
36,0,0
35,0,0
34,0,0
33,0,0
32,3.971,200
31,4.066,300
30,0,0
29,3.947,200
28,3.933,200
27,3.867,300
26,3.839,300
25,3.797,400
24,3.758,400
23,3.78,400
22,3.78,500
21,0,0
20,0,0
19,0,0
18,0,0
17,0,0
16,0,0
15,0.433,1700
14,0.429,1500
13,0.425,1400
12,0.424,1600
11,0.422,1500
10,0.42,1500
9,0.421,1500
8,0.422,1700
7,0.421,1800
6,0.424,1800
5,0.43,1900
4,0.415,2500
3,0.414,2400
2,0.444,1700
0.999998,0.433,2600
0,0,0
-1,0.436,2000
-2,0.452,2200
-3,0.462,1900
-4,0.52,800
-5,3.618,300
-6,3.53,400
-7,3.553,400
-8,3.581,400
-9,3.595,400
-10,3.683,300
-11,3.626,400
-12,3.686,400
-13,3.74,300
-14,3.773,300
-15,3.718,200
-16,3.839,300
-17,3.849,300
-18,3.867,300
-19,0,0
-20,0,0
-21,0,0
-22,0,0
-23,0,0
-24,0,0
-25,0,0
-26,0,0
-27,0,0
-28,0,0
-29,0,0
-30,0,0
-31,0,0
-32,0,0
-33,0,0
-34,0,0
-35,0,0
-36,0,0
-37,0,0
-38,0,0
-39,0,0
-40,0,0
-41,0,0
-42,0,0
-43,0,0
-44,0,0
-45,0,0
-46,0,0
-47,0,0
-48,0,0
-49,0,0
-50,0,0
-51,0,0
-52,0,0
-53,0,0
-54,0,0
-55,0,0
-56,0,0
-57,0,0
-58,0,0
-59,0,0
-60,0,0
-61,0,0
-62,0,0
-63,0,0
-64,0,0
-65,0,0
-66,0,0
-67,0,0
-68,0,0
-69,0,0
-70,0,0
-71,0,0
-72,0,0
-73,0,0
46,0,0
45,0,0
44,0,0
43,0,0
42,0,0
41,0,0
40,0.172,3600
39,0.176,3600
38,0,0
37,0,0
36,0,0
35,0,0
34,0,0
33,0,0
32,0,0
31,3.962,200
30,0,0
29,0,0
28,0,0
27,0,0
26,0,0
25,0,0
24,0.478,1200
23,0.469,1300
22,0.46,1300
21,0.455,1300
20,0.452,1400
19,0.445,1200
18,0.442,1300
17,0.442,1300
16,0.439,1400
15,0.439,1700
14,0.44,1500
13,0.44,1500
12,0.443,1500
11,0.446,1400
10,0.449,1400
9,0.453,1400
8,0.459,1500
7,0.462,1500
6,0.471,1400
5,0.483,1300
4,0.492,1300
3,0.508,1200
2,0.529,1300
0.999998,0,0
0,3.557,300
-1,3.525,500
-2,3.53,400
-3,3.53,400
-4,3.569,400
-5,3.552,400
-6,3.533,400
-7,3.545,400
-8,3.577,400
-9,3.591,400
-10,3.605,200
-11,3.628,400
-12,3.674,400
-13,3.847,200
-14,3.755,300
-15,3.716,200
-16,3.835,300
-17,3.836,300
-18,3.871,300
-19,0,0
-20,0,0
-21,0,0
-22,0,0
-23,0,0
-24,0,0
-25,0,0
-26,0,0
-27,0,0
-28,0,0
-29,0,0
-30,0,0
-31,0,0
-32,0,0
-33,0,0
-34,0,0
-35,0,0
-36,0,0
-37,0,0
-38,0,0
-39,0,0
-40,0,0
-41,0,0
-42,0,0
-43,0,0
-44,0,0
-45,0,0
-46,0,0
-47,0,0
-48,0,0
-49,0,0
-50,0,0
-51,0,0
-52,0,0
-53,0,0
-54,0,0
-55,0,0
-56,0,0
-57,0,0
-58,0,0
-59,0,0
-60,0,0
-61,0,0
-62,0,0
-63,0,0
-64,0,0
-65,0,0
-66,0,0
-67,0,0
-68,0,0
-69,0,0
-70,0,0
-71,0,0
-72,0,0
-73,0,0
46,0,0
45,0,0
44,0,0
43,0,0
42,0,0
41,0,0
40,0.171,3700
39,0.174,3600
38,0.176,3400
37,0,0
36,0,0
35,0,0
34,0,0
33,0,0
32,0,0
31,0,0
30,0,0
29,0,0
28,0.494,1100
27,0.48,1100
26,0.475,1200
25,0.469,1200
24,0.467,1400
23,0.465,1400
22,0.462,1500
21,0.461,1500
20,0.463,1600
19,0.46,1300
18,0.462,1400
17,0.466,1400
16,0.465,1500
15,0.468,1700
14,0.471,1300
13,0.474,1400
12,0.482,1400
11,0.489,1300
10,0.498,1200
9,0,0
8,0,0
7,0,0
6,0,0
5,3.564,200
4,3.526,500
3,3.589,200
2,3.601,200
0.999998,3.593,200
0,3.517,400
-1,3.527,500
-2,3.527,400
-3,3.54,400
-4,3.547,400
-5,3.546,400
-6,3.533,400
-7,3.542,400
-8,3.585,400
-9,3.597,400
-10,3.679,300
-11,3.642,400
-12,3.672,400
-13,3.748,300
-14,3.751,300
-15,3.713,200
-16,3.76,400
-17,3.84,300
-18,3.87,300
-19,0,0
-20,0,0
-21,0,0
-22,0,0
-23,0,0
-24,0,0
-25,0,0
-26,0,0
-27,0,0
-28,0,0
-29,0,0
-30,0,0
-31,0,0
-32,0,0
-33,0,0
-34,0,0
-35,0,0
-36,0,0
-37,0,0
-38,0,0
-39,0,0
-40,0,0
-41,0,0
-42,0,0
-43,0,0
-44,0,0
-45,0,0
-46,0,0
-47,0,0
-48,0,0
-49,0,0
-50,0,0
-51,0,0
-52,0,0
-53,0,0
-54,0,0
-55,0,0
-56,0,0
-57,0,0
-58,0,0
-59,0,0
-60,0,0
-61,0,0
-62,0,0
-63,0,0
-64,0,0
-65,0,0
-66,0,0
-67,0,0
-68,0,0
-69,0,0
-70,0,0
-71,0,0
-72,0,0
-73,0,0
46,0,0
45,0,0
44,0,0
43,0,0
42,0,0
41,0,0
40,0,0
39,0.171,3900
38,0.17,3400
37,0.17,3300
36,0,0
35,0,0
34,0,0
33,0,0
32,0,0
31,0.492,1100
30,0.489,1200
29,0.486,1300
28,0.49,1300
27,0.482,1300
26,0.483,1300
25,0.482,1500
24,0.483,1500
23,0.484,1500
22,0.483,1600
21,0.487,1400
20,0.493,1400
19,0.494,1200
18,0.5,1200
17,0.511,1200
16,0,0
15,0.53,1400
14,0.543,1200
13,0,0
12,0,0
11,0,0
10,0,0
9,0,0
8,0,0
7,3.544,400
6,3.542,200
5,3.521,500
4,3.551,400
3,3.586,200
2,3.597,200
0.999998,3.593,200
0,3.521,400
-1,3.527,500
-2,3.559,500
-3,3.53,400
-4,3.561,400
-5,3.562,400
-6,3.546,400
-7,3.544,400
-8,3.585,400
-9,3.59,400
-10,3.687,300
-11,3.645,400
-12,3.664,400
-13,3.752,300
-14,3.693,400
-15,3.708,200
-16,3.769,400
-17,3.843,300
-18,3.87,300
-19,0,0
-20,0,0
-21,0,0
-22,0,0
-23,0,0
-24,0,0
-25,0,0
-26,0,0
-27,0,0
-28,0,0
-29,0,0
-30,0,0
-31,0,0
-32,0,0
-33,0,0
-34,0,0
-35,0,0
-36,0,0
-37,0,0
-38,0,0
-39,0,0
-40,0,0
-41,0,0
-42,0,0
-43,0,0
-44,0,0
-45,0,0
-46,0,0
-47,0,0
-48,0,0
-49,0,0
-50,0,0
-51,0,0
-52,0,0
-53,0,0
-54,0,0
-55,0,0
-56,0,0
-57,0,0
-58,0,0
-59,0,0
-60,0,0
-61,0,0
-62,0,0
-63,0,0
-64,0,0
-65,0,0
-66,0,0
-67,0,0
-68,0,0
-69,0,0
-70,0,0
-71,0,0
-72,0,0
-73,0,0
46,0,0
45,0,0
44,0,0
43,0,0
42,0,0
41,0,0
40,0,0
39,0.172,5200
38,0.167,3900
37,0.165,3600
36,0.169,3300
35,0.506,1100
34,0,0
33,0.501,1200
32,0.502,1200
31,0.502,1200
30,0.505,1300
29,0.509,1300
28,0.516,1300
27,0.515,1200
26,0.523,1400
25,0.53,1400
24,0.541,1200
23,0.548,1200
22,0.55,1400
21,0,0
20,0,0
19,0,0
18,3.682,400
17,3.68,200
16,3.688,400
15,3.528,200
14,0,0
13,3.52,200
12,3.572,300
11,3.591,300
10,0,0
9,0,0
8,0,0
7,3.536,400
6,3.489,300
5,3.556,400
4,3.501,500
3,3.586,200
2,3.599,200
0.999998,3.594,200
0,3.53,500
-1,3.533,500
-2,3.552,500
-3,3.562,500
-4,3.546,400
-5,3.588,500
-6,3.556,400
-7,3.544,400
-8,3.578,400
-9,3.579,400
-10,3.631,400
-11,3.65,400
-12,3.66,400
-13,3.756,300
-14,3.699,400
-15,3.701,400
-16,3.79,400
-17,3.847,300
-18,3.882,300
-19,0,0
-20,0,0
-21,0,0
-22,0,0
-23,0,0
-24,0,0
-25,0,0
-26,0,0
-27,0,0
-28,0,0
-29,0,0
-30,0,0
-31,0,0
-32,0,0
-33,0,0
-34,0,0
-35,0,0
-36,0,0
-37,0,0
-38,0,0
-39,0,0
-40,0,0
-41,0,0
-42,0,0
-43,0,0
-44,0,0
-45,0,0
-46,0,0
-47,0,0
-48,0,0
-49,0,0
-50,0,0
-51,0,0
-52,0,0
-53,0,0
-54,0,0
-55,0,0
-56,0,0
-57,0,0
-58,0,0
-59,0,0
-60,0,0
-61,0,0
-62,0,0
-63,0,0
-64,0,0
-65,0,0
-66,0,0
-67,0,0
-68,0,0
-69,0,0
-70,0,0
-71,0,0
-72,0,0
-73,0,0
46,0,0
45,0,0
44,0,0
43,0,0
42,0,0
41,0,0
40,0,0
39,0.173,5500
38,0.167,3700
37,0.165,3700
36,0.168,3700
35,0.549,700
34,0.557,600
33,0,0
32,0,0
31,0,0
30,0,0
29,0,0
28,0,0
27,0,0
26,0,0
25,3.848,500
24,3.75,400
23,3.767,600
22,3.796,500
21,3.617,300
20,3.7,400
19,3.686,400
18,3.681,400
17,0,0
16,3.552,200
15,0,0
14,0,0
13,3.518,200
12,3.576,300
11,3.596,500
10,0,0
9,0,0
8,0,0
7,3.499,500
6,3.489,300
5,3.549,600
4,3.552,200
3,3.59,200
2,3.598,200
0.999998,3.593,200
0,3.531,500
-1,3.535,500
-2,3.548,500
-3,3.555,500
-4,3.586,500
-5,3.552,400
-6,3.58,500
-7,3.574,500
-8,3.611,500
-9,3.582,400
-10,3.621,400
-11,3.703,500
-12,3.671,400
-13,3.692,400
-14,3.687,400
-15,3.713,400
-16,3.776,400
-17,3.777,400
-18,3.825,400
-19,0,0
-20,0,0
-21,0,0
-22,0,0
-23,0,0
-24,0,0
-25,0,0
-26,0,0
-27,0,0
-28,0,0
-29,0,0
-30,0,0
-31,0,0
-32,0,0
-33,0,0
-34,0,0
-35,0,0
-36,0,0
-37,0,0
-38,0,0
-39,0,0
-40,0,0
-41,0,0
-42,0,0
-43,0,0
-44,0,0
-45,0,0
-46,0,0
-47,0,0
-48,0,0
-49,0,0
-50,0,0
-51,0,0
-52,0,0
-53,0,0
-54,0,0
-55,0,0
-56,0,0
-57,0,0
-58,0,0
-59,0,0
-60,0,0
-61,0,0
-62,0,0
-63,0,0
-64,0,0
-65,0,0
-66,0,0
-67,0,0
-68,0,0
-69,0,0
-70,0,0
-71,0,0
-72,0,0
-73,0,0
46,0,0
45,0,0
44,0,0
43,0,0
42,0,0
41,0,0
40,0,0
39,0.173,5600
38,0.168,4000
37,0.166,3700
36,0.17,3400
35,0.66,600
34,0,0
33,0,0
32,0,0
31,4.042,300
30,3.953,200
29,3.971,400
28,3.937,200
27,3.808,400
26,3.87,500
25,3.885,600
24,3.747,400
23,3.768,600
22,3.787,500
21,0,0
20,3.718,400
19,3.684,400
18,3.673,400
17,0,0
16,3.68,400
15,3.527,200
14,0,0
13,3.52,200
12,3.573,300
11,3.548,400
10,0,0
9,0,0
8,0,0
7,3.534,600
6,3.544,200
5,3.556,600
4,3.548,200
3,3.588,200
2,3.595,200
0.999998,3.594,200
0,3.527,500
-1,3.525,500
-2,3.549,500
-3,3.566,500
-4,3.589,500
-5,3.594,500
-6,3.591,500
-7,3.578,500
-8,3.615,500
-9,3.581,400
-10,3.625,400
-11,3.649,400
-12,3.67,400
-13,3.684,400
-14,3.685,400
-15,3.703,400
-16,3.787,400
-17,3.784,400
-18,3.823,400
-19,0,0
-20,0,0
-21,0,0
-22,0,0
-23,0,0
-24,0,0
-25,0,0
-26,0,0
-27,0,0
-28,0,0
-29,0,0
-30,0,0
-31,0,0
-32,0,0
-33,0,0
-34,0,0
-35,0,0
-36,0,0
-37,0,0
-38,0,0
-39,0,0
-40,0,0
-41,0,0
-42,0,0
-43,0,0
-44,0,0
-45,0,0
-46,0,0
-47,0,0
-48,0,0
-49,0,0
-50,0,0
-51,0,0
-52,0,0
-53,0,0
-54,0,0
-55,0,0
-56,0,0
-57,0,0
-58,0,0
-59,0,0
-60,0,0
-61,0,0
-62,0,0
-63,0,0
-64,0,0
-65,0,0
-66,0,0
-67,0,0
-68,0,0
-69,0,0
-70,0,0
-71,0,0
-72,0,0
-73,0,0
46,0,0
45,0,0
44,0,0
43,0,0
42,0,0
41,0,0
40,0,0
39,0.173,5200
38,0.169,3700
37,0.168,3500
36,0.172,3300
35,0,0
34,4.044,300
33,4.057,300
32,4.057,300
31,4.051,300
30,3.938,200
29,3.962,400
28,3.94,200
27,3.864,500
26,3.854,500
25,3.837,500
24,3.747,400
23,3.777,400
22,3.801,500
21,3.708,200
20,3.7,400
19,3.699,400
18,3.627,500
17,0,0
16,3.693,400
15,0,0
14,0,0
13,3.52,200
12,3.577,300
11,3.598,500
10,0,0
9,0,0
8,0,0
7,3.538,600
6,3.542,200
5,3.552,600
4,3.552,200
3,3.588,200
2,3.602,200
0.999998,3.59,200
0,3.539,500
-1,3.532,500
-2,3.556,500
-3,3.561,500
-4,3.585,500
-5,3.563,400
-6,3.544,400
-7,3.572,500
-8,3.613,500
-9,3.594,400
-10,3.617,400
-11,3.705,500
-12,3.668,400
-13,3.69,400
-14,3.693,400
-15,3.717,400
-16,3.768,400
-17,3.782,400
-18,3.804,400
-19,0,0
-20,0,0
-21,0,0
-22,0,0
-23,0,0
-24,0,0
-25,0,0
-26,0,0
-27,0,0
-28,0,0
-29,0,0
-30,0,0
-31,0,0
-32,0,0
-33,0,0
-34,0,0
-35,0,0
-36,0,0
-37,0,0
-38,0,0
-39,0,0
-40,0,0
-41,0,0
-42,0,0
-43,0,0
-44,0,0
-45,0,0
-46,0,0
-47,0,0
-48,0,0
-49,0,0
-50,0,0
-51,0,0
-52,0,0
-53,0,0
-54,0,0
-55,0,0
-56,0,0
-57,0,0
-58,0,0
-59,0,0
-60,0,0
-61,0,0
-62,0,0
-63,0,0
-64,0,0
-65,0,0
-66,0,0
-67,0,0
-68,0,0
-69,0,0
-70,0,0
-71,0,0
-72,0,0
-73,0,0
46,0,0
45,0,0
44,0,0
43,0,0
42,0,0
41,0,0
40,0,0
39,0.174,4500
38,0.171,3600
37,0.171,3400
36,0.175,1100
35,4.086,300
34,4.078,300
33,4.104,300
32,4.048,300
31,3.954,400
30,4.037,300
29,0,0
28,3.949,200
27,3.799,400
26,3.881,500
25,3.894,600
24,3.743,400
23,3.776,400
22,3.813,500
21,3.717,200
20,3.716,400
19,3.673,400
18,3.661,400
17,3.683,200
16,3.694,400
15,3.52,200
14,0,0
13,0,0
12,3.508,200
11,3.566,400
10,0,0
9,0,0
8,0,0
7,3.527,600
6,3.54,200
5,3.548,600
4,3.555,200
3,3.579,200
2,3.587,200
0.999998,3.608,200
0,3.537,500
-1,3.556,600
-2,3.54,500
-3,3.566,500
-4,3.564,500
-5,3.601,500
-6,3.626,500
-7,3.591,500
-8,3.61,500
-9,3.593,400
-10,3.647,400
-11,3.649,400
-12,3.666,400
-13,3.68,400
-14,3.715,400
-15,3.714,400
-16,3.79,400
-17,3.774,400
-18,3.842,400
-19,0,0
-20,0,0
-21,0,0
-22,0,0
-23,0,0
-24,0,0
-25,0,0
-26,0,0
-27,0,0
-28,0,0
-29,0,0
-30,0,0
-31,0,0
-32,0,0
-33,0,0
-34,0,0
-35,0,0
-36,0,0
-37,0,0
-38,0,0
-39,0,0
-40,0,0
-41,0,0
-42,0,0
-43,0,0
-44,0,0
-45,0,0
-46,0,0
-47,0,0
-48,0,0
-49,0,0
-50,0,0
-51,0,0
-52,0,0
-53,0,0
-54,0,0
-55,0,0
-56,0,0
-57,0,0
-58,0,0
-59,0,0
-60,0,0
-61,0,0
-62,0,0
-63,0,0
-64,0,0
-65,0,0
-66,0,0
-67,0,0
-68,0,0
-69,0,0
-70,0,0
-71,0,0
-72,0,0
-73,0,0
46,0,0
45,0,0
44,0,0
43,0,0
42,0,0
41,0,0
40,0,0
39,0.175,3700
38,0.174,3400
37,0.176,3400
36,0,0
35,4.091,300
34,4.181,400
33,4.063,300
32,4.054,300
31,4.04,300
30,4.017,300
29,3.965,200
28,3.944,200
27,3.863,500
26,3.853,500
25,3.838,500
24,3.735,400
23,3.773,400
22,3.783,500
21,3.708,200
20,3.702,400
19,3.689,400
18,3.679,400
17,3.598,300
16,3.692,400
15,3.527,200
14,0,0
13,3.522,200
12,3.508,200
11,3.549,400
10,0,0
9,0,0
8,0,0
7,3.536,600
6,3.542,200
5,3.553,600
4,3.558,200
3,3.584,200
2,3.604,200
0.999998,3.601,200
0,3.543,500
-1,3.53,500
-2,3.551,500
-3,3.565,500
-4,3.583,500
-5,3.589,500
-6,3.596,500
-7,3.588,500
-8,3.58,400
-9,3.59,400
-10,3.63,400
-11,3.641,400
-12,3.658,400
-13,3.673,400
-14,3.702,400
-15,3.707,400
-16,3.785,400
-17,3.774,400
-18,3.83,400
-19,0,0
-20,0,0
-21,0,0
-22,0,0
-23,0,0
-24,0,0
-25,0,0
-26,0,0
-27,0,0
-28,0,0
-29,0,0
-30,0,0
-31,0,0
-32,0,0
-33,0,0
-34,0,0
-35,0,0
-36,0,0
-37,0,0
-38,0,0
-39,0,0
-40,0,0
-41,0,0
-42,0,0
-43,0,0
-44,0,0
-45,0,0
-46,0,0
-47,0,0
-48,0,0
-49,0,0
-50,0,0
-51,0,0
-52,0,0
-53,0,0
-54,0,0
-55,0,0
-56,0,0
-57,0,0
-58,0,0
-59,0,0
-60,0,0
-61,0,0
-62,0,0
-63,0,0
-64,0,0
-65,0,0
-66,0,0
-67,0,0
-68,0,0
-69,0,0
-70,0,0
-71,0,0
-72,0,0
-73,0,0
46,0,0
45,0,0
44,0,0
43,0,0
42,0,0
41,0,0
40,0.177,3600
39,0.179,3600
38,0.18,3300
37,0,0
36,0,0
35,0,0
34,4.056,300
33,4.052,300
32,4.054,300
31,4.057,300
30,3.945,200
29,3.962,400
28,3.94,200
27,3.933,400
26,3.831,500
25,3.845,500
24,3.752,400
23,3.78,400
22,3.779,500
21,0,0
20,3.694,400
19,3.673,400
18,3.681,400
17,3.688,200
16,3.687,400
15,0,0
14,0,0
13,3.523,200
12,3.51,200
11,3.543,400
10,0,0
9,0,0
8,0,0
7,3.58,500
6,3.54,200
5,3.549,600
4,3.555,200
3,3.581,200
2,3.597,200
0.999998,3.593,200
0,3.55,500
-1,3.526,500
-2,3.553,500
-3,3.567,500
-4,3.591,500
-5,3.554,400
-6,3.578,500
-7,3.58,500
-8,3.618,500
-9,3.597,400
-10,3.61,400
-11,3.623,400
-12,3.672,400
-13,3.67,400
-14,3.685,400
-15,3.717,400
-16,3.776,400
-17,3.786,400
-18,3.81,400
-19,0,0
-20,0,0
-21,0,0
-22,0,0
-23,0,0
-24,0,0
-25,0,0
-26,0,0
-27,0,0
-28,0,0
-29,0,0
-30,0,0
-31,0,0
-32,0,0
-33,0,0
-34,0,0
-35,0,0
-36,0,0
-37,0,0
-38,0,0
-39,0,0
-40,0,0
-41,0,0
-42,0,0
-43,0,0
-44,0,0
-45,0,0
-46,0,0
-47,0,0
-48,0,0
-49,0,0
-50,0,0
-51,0,0
-52,0,0
-53,0,0
-54,0,0
-55,0,0
-56,0,0
-57,0,0
-58,0,0
-59,0,0
-60,0,0
-61,0,0
-62,0,0
-63,0,0
-64,0,0
-65,0,0
-66,0,0
-67,0,0
-68,0,0
-69,0,0
-70,0,0
-71,0,0
-72,0,0
-73,0,0
46,0,0
45,0,0
44,0,0
43,0,0
42,0,0
41,0,0
40,0.181,3300
39,0.186,3200
38,0,0
37,0,0
36,0,0
35,4.086,300
34,4.067,300
33,4.047,300
32,4.055,300
31,4.051,300
30,4.021,300
29,3.962,200
28,3.934,200
27,3.863,500
26,3.843,500
25,3.854,500
24,3.749,400
23,3.792,400
22,3.791,500
21,0,0
20,3.704,400
19,3.68,400
18,3.674,400
17,3.682,200
16,3.685,400
15,0,0
14,0,0
13,3.513,200
12,3.563,300
11,3.544,400
10,0,0
9,0,0
8,0,0
7,3.539,600
6,3.538,200
5,3.553,600
4,3.554,200
3,3.584,200
2,3.602,200
0.999998,3.598,200
0,3.546,500
-1,3.528,500
-2,3.549,500
-3,3.569,500
-4,3.596,500
-5,3.594,500
-6,3.55,400
-7,3.58,500
-8,3.623,500
-9,3.64,500
-10,3.616,400
-11,3.629,400
-12,3.672,400
-13,3.659,400
-14,3.699,400
-15,3.717,400
-16,3.776,400
-17,3.782,400
-18,3.817,400
-19,0,0
-20,0,0
-21,0,0
-22,0,0
-23,0,0
-24,0,0
-25,0,0
-26,0,0
-27,0,0
-28,0,0
-29,0,0
-30,0,0
-31,0,0
-32,0,0
-33,0,0
-34,0,0
-35,0,0
-36,0,0
-37,0,0
-38,0,0
-39,0,0
-40,0,0
-41,0,0
-42,0,0
-43,0,0
-44,0,0
-45,0,0
-46,0,0
-47,0,0
-48,0,0
-49,0,0
-50,0,0
-51,0,0
-52,0,0
-53,0,0
-54,0,0
-55,0,0
-56,0,0
-57,0,0
-58,0,0
-59,0,0
-60,0,0
-61,0,0
-62,0,0
-63,0,0
-64,0,0
-65,0,0
-66,0,0
-67,0,0
-68,0,0
-69,0,0
-70,0,0
-71,0,0
-72,0,0
-73,0,0
46,0,0
45,0,0
44,0,0
43,0,0
42,0,0
41,0.187,3300
40,0.19,2500
39,0,0
38,0,0
37,0,0
36,0,0
35,4.086,300
34,4.066,300
33,4.064,300
32,4.047,300
31,4.051,300
30,4.021,300
29,3.959,200
28,3.937,200
27,3.923,400
26,3.843,500
25,3.841,500
24,3.749,400
23,3.777,400
22,3.791,500
21,3.708,200
20,3.705,400
19,3.691,400
18,3.679,400
17,3.685,200
16,3.683,400
15,3.53,200
14,0,0
13,3.522,200
12,3.509,200
11,3.539,400
10,0,0
9,0,0
8,0,0
7,3.545,400
6,3.535,600
5,3.556,600
4,3.551,200
3,3.581,200
2,3.601,200
0.999998,3.594,200
0,3.542,500
-1,3.527,500
-2,3.554,500
-3,3.564,500
-4,3.593,500
-5,3.588,500
-6,3.536,400
-7,3.587,500
-8,3.578,400
-9,3.634,500
-10,3.621,400
-11,3.626,400
-12,3.668,400
-13,3.673,400
-14,3.7,400
-15,3.717,400
-16,3.772,400
-17,3.788,400
-18,3.822,400
-19,0,0
-20,0,0
-21,0,0
-22,0,0
-23,0,0
-24,0,0
-25,0,0
-26,0,0
-27,0,0
-28,0,0
-29,0,0
-30,0,0
-31,0,0
-32,0,0
-33,0,0
-34,0,0
-35,0,0
-36,0,0
-37,0,0
-38,0,0
-39,0,0
-40,0,0
-41,0,0
-42,0,0
-43,0,0
-44,0,0
-45,0,0
-46,0,0
-47,0,0
-48,0,0
-49,0,0
-50,0,0
-51,0,0
-52,0,0
-53,0,0
-54,0,0
-55,0,0
-56,0,0
-57,0,0
-58,0,0
-59,0,0
-60,0,0
-61,0,0
-62,0,0
-63,0,0
-64,0,0
-65,0,0
-66,0,0
-67,0,0
-68,0,0
-69,0,0
-70,0,0
-71,0,0
-72,0,0
-73,0,0
46,0,0
45,0,0
44,0,0
43,0,0
42,0.188,3000
41,0,0
40,0,0
39,0,0
38,0,0
37,0,0
36,0,0
35,4.086,300
34,4.067,300
33,4.064,300
32,4.058,300
31,4.061,300
30,3.945,200
29,4.03,300
28,3.862,300
27,3.862,500
26,3.834,500
25,3.851,500
24,3.758,400
23,3.789,400
22,3.79,500
21,0,0
20,3.7,400
19,3.671,400
18,3.67,400
17,3.693,200
16,3.678,400
15,0,0
14,0,0
13,3.521,200
12,3.515,200
11,3.531,400
10,0,0
9,0,0
8,0,0
7,3.503,500
6,3.538,200
5,3.548,600
4,3.556,200
3,3.582,200
2,3.607,200
0.999998,3.596,200
0,3.537,500
-1,3.519,500
-2,3.563,500
-3,3.563,500
-4,3.59,500
-5,3.59,500
-6,3.576,500
-7,3.582,500
-8,3.612,500
-9,3.641,500
-10,3.612,400
-11,3.615,400
-12,3.686,400
-13,3.68,400
-14,3.693,400
-15,3.721,400
-16,3.763,400
-17,3.792,400
-18,3.807,400
-19,0,0
-20,0,0
-21,0,0
-22,0,0
-23,0,0
-24,0,0
-25,0,0
-26,0,0
-27,0,0
-28,0,0
-29,0,0
-30,0,0
-31,0,0
-32,0,0
-33,0,0
-34,0,0
-35,0,0
-36,0,0
-37,0,0
-38,0,0
-39,0,0
-40,0,0
-41,0,0
-42,0,0
-43,0,0
-44,0,0
-45,0,0
-46,0,0
-47,0,0
-48,0,0
-49,0,0
-50,0,0
-51,0,0
-52,0,0
-53,0,0
-54,0,0
-55,0,0
-56,0,0
-57,0,0
-58,0,0
-59,0,0
-60,0,0
-61,0,0
-62,0,0
-63,0,0
-64,0,0
-65,0,0
-66,0,0
-67,0,0
-68,0,0
-69,0,0
-70,0,0
-71,0,0
-72,0,0
-73,0,0
46,0,0
45,0,0
44,0,0
43,0.187,2700
42,0,0
41,0,0
40,0,0
39,0,0
38,0,0
37,0,0
36,0,0
35,4.081,300
34,4.162,400
33,3.96,200
32,4.052,300
31,4.051,300
30,3.945,200
29,3.96,400
28,3.933,200
27,3.934,400
26,3.834,500
25,3.848,500
24,3.765,400
23,3.78,400
22,3.79,500
21,0,0
20,3.707,400
19,3.666,400
18,3.67,400
17,3.698,200
16,3.676,400
15,0,0
14,0,0
13,3.513,200
12,3.517,200
11,3.578,500
10,0,0
9,0,0
8,0,0
7,3.537,400
6,3.54,600
5,3.555,600
4,3.554,200
3,3.578,200
2,3.59,200
0.999998,3.604,200
0,3.54,500
-1,3.517,500
-2,3.567,500
-3,3.558,500
-4,3.587,500
-5,3.591,500
-6,3.543,400
-7,3.59,500
-8,3.56,400
-9,3.642,500
-10,3.612,400
-11,3.651,500
-12,3.683,400
-13,3.7,400
-14,3.696,400
-15,3.713,400
-16,3.758,400
-17,3.792,400
-18,3.816,400
-19,0,0
-20,0,0
-21,0,0
-22,0,0
-23,0,0
-24,0,0
-25,0,0
-26,0,0
-27,0,0
-28,0,0
-29,0,0
-30,0,0
-31,0,0
-32,0,0
-33,0,0
-34,0,0
-35,0,0
-36,0,0
-37,0,0
-38,0,0
-39,0,0
-40,0,0
-41,0,0
-42,0,0
-43,0,0
-44,0,0
-45,0,0
-46,0,0
-47,0,0
-48,0,0
-49,0,0
-50,0,0
-51,0,0
-52,0,0
-53,0,0
-54,0,0
-55,0,0
-56,0,0
-57,0,0
-58,0,0
-59,0,0
-60,0,0
-61,0,0
-62,0,0
-63,0,0
-64,0,0
-65,0,0
-66,0,0
-67,0,0
-68,0,0
-69,0,0
-70,0,0
-71,0,0
-72,0,0
-73,0,0
46,0,0
45,0,0
44,0,0
43,0,0
42,0,0
41,0,0
40,0,0
39,0,0
38,0,0
37,0,0
36,0,0
35,4.081,300
34,4.165,400
33,4.048,300
32,4.048,300
31,4.056,300
30,3.949,200
29,3.964,400
28,3.93,200
27,3.923,400
26,3.824,500
25,3.845,500
24,3.762,400
23,3.78,400
22,3.792,500
21,0,0
20,3.712,400
19,3.672,400
18,3.677,400
17,3.696,200
16,3.682,400
15,0,0
14,0,0
13,3.511,200
12,3.519,200
11,3.536,400
10,0,0
9,0,0
8,0,0
7,3.498,500
6,3.531,200
5,3.56,600
4,3.547,200
3,3.572,200
2,3.606,200
0.999998,3.603,200
0,3.529,500
-1,3.518,500
-2,3.574,500
-3,3.56,500
-4,3.577,500
-5,3.553,400
-6,3.546,400
-7,3.59,500
-8,3.569,400
-9,3.647,500
-10,3.601,400
-11,3.609,400
-12,3.686,400
-13,3.703,400
-14,3.709,400
-15,3.729,400
-16,3.773,400
-17,3.785,400
-18,3.874,300
-19,0,0
-20,0,0
-21,0,0
-22,0,0
-23,0,0
-24,0,0
-25,0,0
-26,0,0
-27,0,0
-28,0,0
-29,0,0
-30,0,0
-31,0,0
-32,0,0
-33,0,0
-34,0,0
-35,0,0
-36,0,0
-37,0,0
-38,0,0
-39,0,0
-40,0,0
-41,0,0
-42,0,0
-43,0,0
-44,0,0
-45,0,0
-46,0,0
-47,0,0
-48,0,0
-49,0,0
-50,0,0
-51,0,0
-52,0,0
-53,0,0
-54,0,0
-55,0,0
-56,0,0
-57,0,0
-58,0,0
-59,0,0
-60,0,0
-61,0,0
-62,0,0
-63,0,0
-64,0,0
-65,0,0
-66,0,0
-67,0,0
-68,0,0
-69,0,0
-70,0,0
-71,0,0
-72,0,0
-73,0,0
46,0,0
45,0,0
44,0,0
43,0,0
42,0,0
41,0,0
40,0,0
39,0,0
38,0,0
37,0,0
36,0,0
35,4.175,400
34,4.163,400
33,4.052,300
32,4.053,300
31,4.056,300
30,3.949,200
29,3.962,400
28,3.937,200
27,3.862,500
26,3.883,600
25,3.849,500
24,3.764,400
23,3.779,400
22,3.809,500
21,0,0
20,3.707,400
19,3.637,500
18,3.622,500
17,0,0
16,0,0
15,0,0
14,0,0
13,3.512,200
12,3.518,200
11,3.571,500
10,0,0
9,0,0
8,0,0
7,3.495,500
6,3.536,200
5,3.547,600
4,3.554,200
3,3.572,200
2,3.607,200
0.999998,3.599,200
0,3.528,500
-1,3.526,500
-2,3.569,500
-3,3.56,500
-4,3.6,500
-5,3.552,400
-6,3.548,400
-7,3.586,500
-8,3.609,500
-9,3.637,500
-10,3.62,400
-11,3.609,400
-12,3.692,400
-13,3.7,400
-14,3.703,400
-15,3.718,400
-16,3.776,400
-17,3.788,400
-18,3.817,400
-19,0,0
-20,0,0
-21,0,0
-22,0,0
-23,0,0
-24,0,0
-25,0,0
-26,0,0
-27,0,0
-28,0,0
-29,0,0
-30,0,0
-31,0,0
-32,0,0
-33,0,0
-34,0,0
-35,0,0
-36,0,0
-37,0,0
-38,0,0
-39,0,0
-40,0,0
-41,0,0
-42,0,0
-43,0,0
-44,0,0
-45,0,0
-46,0,0
-47,0,0
-48,0,0
-49,0,0
-50,0,0
-51,0,0
-52,0,0
-53,0,0
-54,0,0
-55,0,0
-56,0,0
-57,0,0
-58,0,0
-59,0,0
-60,0,0
-61,0,0
-62,0,0
-63,0,0
-64,0,0
-65,0,0
-66,0,0
-67,0,0
-68,0,0
-69,0,0
-70,0,0
-71,0,0
-72,0,0
-73,0,0
46,0,0
45,0,0
44,0,0
43,0,0
42,0,0
41,0,0
40,0,0
39,0,0
38,0,0
37,0,0
36,0,0
35,4.172,400
34,4.157,400
33,4.052,300
32,4.053,300
31,4.057,300
30,3.945,200
29,3.969,400
28,3.94,200
27,3.867,500
26,3.894,600
25,3.848,500
24,3.757,400
23,3.775,400
22,3.771,400
21,0,0
20,3.705,400
19,3.631,500
18,3.681,400
17,3.698,200
16,0,0
15,0,0
14,0,0
13,3.517,200
12,3.517,200
11,3.576,500
10,0,0
9,0,0
8,0,0
7,3.533,600
6,3.533,200
5,3.553,600
4,3.55,200
3,3.572,200
2,3.607,200
0.999998,3.6,200
0,3.541,500
-1,3.52,500
-2,3.565,500
-3,3.56,500
-4,3.589,500
-5,3.554,400
-6,3.538,400
-7,3.59,500
-8,3.57,400
-9,3.631,500
-10,3.612,400
-11,3.61,400
-12,3.683,400
-13,3.701,400
-14,3.706,400
-15,3.726,400
-16,3.769,400
-17,3.784,400
-18,3.818,400
-19,0,0
-20,0,0
-21,0,0
-22,0,0
-23,0,0
-24,0,0
-25,0,0
-26,0,0
-27,0,0
-28,0,0
-29,0,0
-30,0,0
-31,0,0
-32,0,0
-33,0,0
-34,0,0
-35,0,0
-36,0,0
-37,0,0
-38,0,0
-39,0,0
-40,0,0
-41,0,0
-42,0,0
-43,0,0
-44,0,0
-45,0,0
-46,0,0
-47,0,0
-48,0,0
-49,0,0
-50,0,0
-51,0,0
-52,0,0
-53,0,0
-54,0,0
-55,0,0
-56,0,0
-57,0,0
-58,0,0
-59,0,0
-60,0,0
-61,0,0
-62,0,0
-63,0,0
-64,0,0
-65,0,0
-66,0,0
-67,0,0
-68,0,0
-69,0,0
-70,0,0
-71,0,0
-72,0,0
-73,0,0
46,0,0
45,0,0
44,0,0
43,0,0
42,0,0
41,0,0
40,0,0
39,0,0
38,0,0
37,0,0
36,0,0
35,0,0
34,0,0
33,0,0
32,0,0
31,0,0
30,0,0
29,0,0
28,0,0
27,0,0
26,0,0
25,0,0
24,0,0
23,0,0
22,0,0
21,0,0
20,0,0
19,0,0
18,0,0
17,3.617,300
16,3.64,500
15,0,0
14,0,0
13,3.51,200
12,3.518,200
11,3.538,400
10,0,0
9,0,0
8,0,0
7,3.494,500
6,3.535,200
5,3.546,600
4,3.546,200
3,3.573,200
2,3.612,200
0.999998,3.6,200
0,3.544,500
-1,3.519,500
-2,3.567,500
-3,3.551,500
-4,3.556,400
-5,3.559,400
-6,3.543,400
-7,3.59,500
-8,3.566,400
-9,3.6,400
-10,3.61,400
-11,3.611,400
-12,3.69,400
-13,3.707,400
-14,3.706,400
-15,3.718,400
-16,3.767,400
-17,3.784,400
-18,3.811,400
-19,0,0
-20,0,0
-21,0,0
-22,0,0
-23,0,0
-24,0,0
-25,0,0
-26,0,0
-27,0,0
-28,0,0
-29,0,0
-30,0,0
-31,0,0
-32,0,0
-33,0,0
-34,0,0
-35,0,0
-36,0,0
-37,0,0
-38,0,0
-39,0,0
-40,0,0
-41,0,0
-42,0,0
-43,0,0
-44,0,0
-45,0,0
-46,0,0
-47,0,0
-48,0,0
-49,0,0
-50,0,0
-51,0,0
-52,0,0
-53,0,0
-54,0,0
-55,0,0
-56,0,0
-57,0,0
-58,0,0
-59,0,0
-60,0,0
-61,0,0
-62,0,0
-63,0,0
-64,0,0
-65,0,0
-66,0,0
-67,0,0
-68,0,0
-69,0,0
-70,0,0
-71,0,0
-72,0,0
-73,0,0
46,0,0
45,0,0
44,0,0
43,0,0
42,0,0
41,0,0
40,0,0
39,0,0
38,0,0
37,0,0
36,0,0
35,0,0
34,0,0
33,0,0
32,0,0
31,0,0
30,0,0
29,0,0
28,0,0
27,0,0
26,0,0
25,0,0
24,0,0
23,0,0
22,0,0
21,0,0
20,0,0
19,0,0
18,0,0
17,0,0
16,0,0
15,0,0
14,0,0
13,0,0
12,0,0
11,0,0
10,0,0
9,0,0
8,0,0
7,0,0
6,0,0
5,0,0
4,0,0
3,3.522,300
2,3.522,500
0.999998,3.603,200
0,3.544,500
-1,3.528,500
-2,3.578,500
-3,3.562,500
-4,3.558,400
-5,3.59,500
-6,3.547,400
-7,3.553,400
-8,3.563,400
-9,3.606,400
-10,3.603,400
-11,3.606,400
-12,3.693,400
-13,3.703,400
-14,3.692,400
-15,3.716,400
-16,3.765,400
-17,3.785,400
-18,3.878,300
-19,0,0
-20,0,0
-21,0,0
-22,0,0
-23,0,0
-24,0,0
-25,0,0
-26,0,0
-27,0,0
-28,0,0
-29,0,0
-30,0,0
-31,0,0
-32,0,0
-33,0,0
-34,0,0
-35,0,0
-36,0,0
-37,0,0
-38,0,0
-39,0,0
-40,0,0
-41,0,0
-42,0,0
-43,0,0
-44,0,0
-45,0,0
-46,0,0
-47,0,0
-48,0,0
-49,0,0
-50,0,0
-51,0,0
-52,0,0
-53,0,0
-54,0,0
-55,0,0
-56,0,0
-57,0,0
-58,0,0
-59,0,0
-60,0,0
-61,0,0
-62,0,0
-63,0,0
-64,0,0
-65,0,0
-66,0,0
-67,0,0
-68,0,0
-69,0,0
-70,0,0
-71,0,0
-72,0,0
-73,0,0
46,0,0
45,0,0
44,0,0
43,0,0
42,0,0
41,0,0
40,0,0
39,0,0
38,0,0
37,0,0
36,0,0
35,0,0
34,0,0
33,0,0
32,0,0
31,0,0
30,0,0
29,0,0
28,0,0
27,0,0
26,0,0
25,0,0
24,0,0
23,0,0
22,0,0
21,0,0
20,0,0
19,0,0
18,0,0
17,0,0
16,0,0
15,0,0
14,0,0
13,0,0
12,0,0
11,0,0
10,0,0
9,0,0
8,0,0
7,0,0
6,0,0
5,0,0
4,0,0
3,0,0
2,0,0
0.999998,0,0
0,0,0
-1,0,0
-2,0,0
-3,0,0
-4,0,0
-5,0,0
-6,0,0
-7,0,0
-8,0,0
-9,0,0
-10,0,0
-11,0,0
-12,0,0
-13,0,0
-14,0,0
-15,0,0
-16,0,0
-17,0,0
-18,0,0
-19,0,0
-20,0,0
-21,0,0
-22,0,0
-23,0,0
-24,0,0
-25,0,0
-26,0,0
-27,0,0
-28,0,0
-29,0,0
-30,0,0
-31,0,0
-32,0,0
-33,0,0
-34,0,0
-35,0,0
-36,0,0
-37,0,0
-38,0,0
-39,0,0
-40,0,0
-41,0,0
-42,0,0
-43,0,0
-44,0,0
-45,0,0
-46,0,0
-47,0,0
-48,0,0
-49,0,0
-50,0,0
-51,0,0
-52,0,0
-53,0,0
-54,0,0
-55,0,0
-56,0,0
-57,0,0
-58,0,0
-59,0,0
-60,0,0
-61,0,0
-62,0,0
-63,0,0
-64,0,0
-65,0,0
-66,0,0
-67,0,0
-68,0,0
-69,0,0
-70,0,0
-71,0,0
-72,0,0
-73,0,0
46,0,0
45,0,0
44,0,0
43,0,0
42,0,0
41,0,0
40,0,0
39,0,0
38,0,0
37,0,0
36,0,0
35,0,0
34,0,0
33,0,0
32,0,0
31,0,0
30,0,0
29,0,0
28,0,0
27,0,0
26,0,0
25,0,0
24,0,0
23,0,0
22,0,0
21,0,0
20,0,0
19,0,0
18,0,0
17,0,0
16,0,0
15,0,0
14,0,0
13,0,0
12,0,0
11,0,0
10,0,0
9,0,0
8,0,0
7,0,0
6,0,0
5,0,0
4,0,0
3,0,0
2,0,0
0.999998,0,0
0,0,0
-1,0,0
-2,0,0
-3,0,0
-4,0,0
-5,0,0
-6,0,0
-7,0,0
-8,0,0
-9,0,0
-10,0,0
-11,0,0
-12,0,0
-13,0,0
-14,0,0
-15,0,0
-16,0,0
-17,0,0
-18,0,0
-19,0,0
-20,0,0
-21,0,0
-22,0,0
-23,0,0
-24,0,0
-25,0,0
-26,0,0
-27,0,0
-28,0,0
-29,0,0
-30,0,0
-31,0,0
-32,0,0
-33,0,0
-34,0,0
-35,0,0
-36,0,0
-37,0,0
-38,0,0
-39,0,0
-40,0,0
-41,0,0
-42,0,0
-43,0,0
-44,0,0
-45,0,0
-46,0,0
-47,0,0
-48,0,0
-49,0,0
-50,0,0
-51,0,0
-52,0,0
-53,0,0
-54,0,0
-55,0,0
-56,0,0
-57,0,0
-58,0,0
-59,0,0
-60,0,0
-61,0,0
-62,0,0
-63,0,0
-64,0,0
-65,0,0
-66,0,0
-67,0,0
-68,0,0
-69,0,0
-70,0,0
-71,0,0
-72,0,0
-73,0,0
46,0,0
45,0,0
44,0,0
43,0,0
42,0,0
41,0,0
40,0,0
39,0,0
38,0,0
37,0,0
36,0,0
35,0,0
34,0,0
33,0,0
32,0,0
31,0,0
30,0,0
29,0,0
28,0,0
27,0,0
26,0,0
25,0,0
24,0,0
23,0,0
22,0,0
21,0,0
20,0,0
19,0,0
18,0,0
17,0,0
16,0,0
15,0,0
14,0,0
13,0,0
12,0,0
11,0,0
10,0,0
9,0,0
8,0,0
7,0,0
6,0,0
5,0,0
4,0,0
3,0,0
2,0,0
0.999998,0,0
0,0,0
-1,0,0
-2,0,0
-3,0,0
-4,0,0
-5,0,0
-6,0,0
-7,0,0
-8,0,0
-9,0,0
-10,0,0
-11,0,0
-12,0,0
-13,0,0
-14,0,0
-15,0,0
-16,0,0
-17,0,0
-18,0,0
-19,0,0
-20,0,0
-21,0,0
-22,0,0
-23,0,0
-24,0,0
-25,0,0
-26,0,0
-27,0,0
-28,0,0
-29,0,0
-30,0,0
-31,0,0
-32,0,0
-33,0,0
-34,0,0
-35,0,0
-36,0,0
-37,0,0
-38,0,0
-39,0,0
-40,0,0
-41,0,0
-42,0,0
-43,0,0
-44,0,0
-45,0,0
-46,0,0
-47,0,0
-48,0,0
-49,0,0
-50,0,0
-51,0,0
-52,0,0
-53,0,0
-54,0,0
-55,0,0
-56,0,0
-57,0,0
-58,0,0
-59,0,0
-60,0,0
-61,0,0
-62,0,0
-63,0,0
-64,0,0
-65,0,0
-66,0,0
-67,0,0
-68,0,0
-69,0,0
-70,0,0
-71,0,0
-72,0,0
-73,0,0
46,0,0
45,0,0
44,0,0
43,0,0
42,0,0
41,0,0
40,0,0
39,0,0
38,0,0
37,0,0
36,0,0
35,0,0
34,0,0
33,0,0
32,0,0
31,0,0
30,0,0
29,0,0
28,0,0
27,0,0
26,0,0
25,0,0
24,0,0
23,0,0
22,0,0
21,0,0
20,0,0
19,0,0
18,0,0
17,0,0
16,0,0
15,0,0
14,0,0
13,0,0
12,0,0
11,0,0
10,0,0
9,0,0
8,0,0
7,0,0
6,0,0
5,0,0
4,0,0
3,0,0
2,0,0
0.999998,0,0
0,0,0
-1,0,0
-2,0,0
-3,0,0
-4,0,0
-5,0,0
-6,0,0
-7,0,0
-8,0,0
-9,0,0
-10,0,0
-11,0,0
-12,0,0
-13,0,0
-14,0,0
-15,0,0
-16,0,0
-17,0,0
-18,0,0
-19,0,0
-20,0,0
-21,0,0
-22,0,0
-23,0,0
-24,0,0
-25,0,0
-26,0,0
-27,0,0
-28,0,0
-29,0,0
-30,0,0
-31,0,0
-32,0,0
-33,0,0
-34,0,0
-35,0,0
-36,0,0
-37,0,0
-38,0,0
-39,0,0
-40,0,0
-41,0,0
-42,0,0
-43,0,0
-44,0,0
-45,0,0
-46,0,0
-47,0,0
-48,0,0
-49,0,0
-50,0,0
-51,0,0
-52,0,0
-53,0,0
-54,0,0
-55,0,0
-56,0,0
-57,0,0
-58,0,0
-59,0,0
-60,0,0
-61,0,0
-62,0,0
-63,0,0
-64,0,0
-65,0,0
-66,0,0
-67,0,0
-68,0,0
-69,0,0
-70,0,0
-71,0,0
-72,0,0
-73,0,0
